Workbook
Name Slicer_Age: #N/A
Name Slicer_age_bins: #N/A
Name Slicer_City: #N/A
Name Slicer_Department: #N/A
Name Slicer_Department1: #N/A
Name Slicer_Department2: #N/A
Name Slicer_Department3: #N/A
Name Slicer_Department4: #N/A
Name Slicer_Department5: #N/A
Name Slicer_Department6: #N/A
Name Slicer_Experience__Years: #N/A
Name Slicer_Experience__Years1: #N/A
Name Slicer_Gender: #N/A
Name Slicer_Gender1: #N/A
Name Slicer_Gender2: #N/A
Name Slicer_Performance: #N/A
Name Slicer_Role: #N/A
Name Slicer_Salary: #N/A
Name Slicer_Salary1: #N/A

Sheet Sheet12
B6: Row Labels | C6: Count of ID
B7: Female | C7: 5
B8: Male | C8: 5
B9: Grand Total | C9: 10
B11: Row Labels | C11: Count of ID
B12: Male | C12: 2
B13: Sales | C13: 2
B14: Grand Total | C14: 2
B22: Row Labels | C22: Sum of Salary
B23: Sales | C23: 108000
B24: Grand Total | C24: 108000
K29: Row Labels | L29: Sum of Age
K30: Female | L30: 28
K31: Grand Total | L31: 28

Sheet Scenario Summary
B2: Scenario Summary
D3: Current Values: | E3: Best Case | F3: Best Case 1 | G3: Best Case 2 | H3: Average Case | I3: Worse Case
E4: Created by 23691A32E1 on 08-06-2026 | F4: Created by 23691A32E1 on 08-06-2026 | G4: Created by 23691A32E1 on 08-06-2026 | H4: Created by 23691A32E1 on 08-06-2026 Modified by 23691A32E1 on 08-06-2026 | I4: Created by 23691A32E1 on 08-06-2026
B5: Changing Cells:
C6: $DE$39 | D6: 100 | E6: 100 | F6: 100 | G6: 100 | H6: 85 | I6: 50
C7: $DE$40 | D7: 95 | E7: 95 | F7: 95 | G7: 95 | H7: 80 | I7: 45
C8: $DE$41 | D8: 95 | E8: 95 | F8: 95 | G8: 95 | H8: 84 | I8: 35
C9: $DE$42 | D9: 122 | E9: 122 | F9: 122 | G9: 122 | H9: 97 | I9: 30
C10: $DE$43 | D10: 175 | E10: 175 | F10: 175 | G10: 175 | H10: 95 | I10: 30
B11: Result Cells:
C12: $DJ$39 | D12: 79 | E12: 79 | F12: 79 | G12: 79 | H12: 79 | I12: 79
C13: $DJ$40 | D13: 80 | E13: 80 | F13: 80 | G13: 80 | H13: 80 | I13: 80
C14: $DJ$41 | D14: 81 | E14: 81 | F14: 81 | G14: 81 | H14: 81 | I14: 81
C15: $DJ$42 | D15: 82 | E15: 82 | F15: 82 | G15: 82 | H15: 82 | I15: 82
C16: $DJ$43 | D16: 83 | E16: 83 | F16: 83 | G16: 83 | H16: 83 | I16: 83
C17: $DJ$44 | D17: 84 | E17: 84 | F17: 84 | G17: 84 | H17: 84 | I17: 84
B18: Notes: Current Values column represents values of changing cells at
B19: time Scenario Summary Report was created. Changing cells for each
B20: scenario are highlighted in gray.

Sheet telecom_churn
A1: Churn | B1: AccountWeeks | C1: GENDER | D1: ContractRenewal | E1: DataPlan | F1: DataUsage | G1: CustServCalls | H1: DayMins | I1: DayCalls | J1: MonthlyCharge | K1: OverageFee | L1: RoamMins | M1: SQRT | N1: ROUND | O1: MIN | P1: MAX | Q1: AVERAGE | R1: SUM | S1: MEDAIN | T1: RANK | U1: LEFT | V1: Right | W1: Length | X1: Date | Y1: Year | Z1: Month | AA1: DAY | AB1: WEEKDAYS | AC1: EOMONTH | AD1: NETWORK DAYS | AF1: TEXT FUNCTIONS | AP1: CONDITIONAL FORMATTING | BC1: STATISTICAL ANALYSIS | BR1: correlation
A2: 0 | B2: 128 | C2: Male | D2: 1 | E2: 1 | F2: 2.7 | G2: 1 | H2: 265.1 | I2: 110 | J2: 89 | K2: 9.87 | L2: 10 | M2: =SQRT(B2) -> 11.313708 | N2: =O3 -> 123 | O2: =MIN(Table22[[#This Row],[DayMins]:[DayCalls]]) -> 110 | P2: =MAX(H2,I2) -> 265.1 | Q2: =AVERAGE(H2,I2) -> 187.55 | R2: =SUM(H2,I2) -> 375.1 | S2: =MEDIAN(D2,G2) -> 1 | U2: =V4 -> le | V2: =RIGHT(C2,2) -> le | W2: =LEN(C2) -> 4 | X2: 46113 | Y2: =YEAR(X2) -> 2026 | Z2: =MONTH(X2) -> 4 | AA2: =DAY(X2) -> 1 | AB2: =WEEKDAY(X2) -> 4 | AC2: =EOMONTH(X2,2) -> 46203 | AD2: =NETWORKDAYS(X2,AC2) -> 65 | AF2: INPUT | AG2: INPUT2 | AH2: FIND | AI2: INPUT3 | AJ2: REPLACE | AK2: SUBSTITUTE | AL2: MID | AM2: SEARCH | AN2: CONCAT | AP2: ID | AQ2: Name | AR2: Age | AS2: Gender | AT2: Employee Role | AU2: Salary | AV2: Department | AW2: Experience (Years) | AX2: City | BC2: Student ID | BD2: Name | BE2: Age | BF2: Gender | BG2: City | BH2: Math Marks | BI2: Science Marks | BJ2: English Marks | BK2: Attendance (%) | BM2: Anova: Two-Factor With Replication | BS2: Math Marks | BT2: Science Marks | BU2: English Marks | DA2: Row Labels | DB2: Sum of Age
A3: 0 | B3: 107 | C3: Male | D3: 1 | E3: 1 | F3: 3.7 | G3: 1 | H3: 161.6 | I3: 123 | J3: 82 | K3: 9.78 | L3: 13.7 | M3: =SQRT(B3) -> 10.34408 | N3: =ROUND(Table1[[#This Row],[SQRT]],2) -> 10.34 | O3: =MIN(H3,I3) -> 123 | P3: =MAX(H3,I3) -> 161.6 | Q3: =AVERAGE(H3,I3) -> 142.3 | R3: =SUM(H3,I3) -> 284.6 | S3: =MEDIAN(D3,G3) -> 1 | T3: =RANK(B3,B:B) -> #N/A | U3: =LEFT(C3,1) -> M | V3: =RIGHT(C3,2) -> le | W3: =LEN(C3) -> 4 | X3: 46114 | Y3: =YEAR(X3) -> 2026 | Z3: =MONTH(X3) -> 4 | AA3: =DAY(X3) -> 2 | AB3: =WEEKDAY(X3) -> 5 | AC3: =EOMONTH(X3,4) -> 46265 | AD3: =NETWORKDAYS(X3,AC3) -> 108 | AF3: A | AG3: APPLE | AH3: =FIND(AF3,AG3) -> 1 | AI3: ABC-2026-011 | AJ3: =REPLACE(AI3,1,3,"EFG") -> EFG-2026-011 | AK3: =SUBSTITUTE(AI3,"ABC","ZZZ") -> ZZZ-2026-011 | AL3: =MID(AG3,2,3) -> PPL | AM3: =SEARCH("L",AG3,1) -> 4 | AN3: =_xlfn.CONCAT(AG3,AG9) -> APPLE | AP3: 1 | AQ3: Rahul Kumar | AR3: 25 | AS3: Male | AT3: Data Analyst | AU3: 35000 | AV3: IT | AW3: 2 | AX3: Hyderabad | BC3: 101 | BD3: Rahul | BE3: 18 | BF3: Male | BG3: Guntur | BH3: 78 | BI3: 82 | BJ3: 75 | BK3: 92 | BR3: Math Marks | BS3: 1 | CB3: ID | CC3: Name | CD3: Gender | CE3: City | CF3: Department | CG3: Age | CH3: Salary | CI3: Performance | CJ3: age bins | CL3: Row Labels | CM3: Sum of Salary | DA3: Finance | DB3: 56
A4: 0 | B4: 137 | C4: Male | D4: 1 | E4: 0 | F4: 0 | G4: 0 | H4: 243.4 | I4: 114 | J4: 52 | K4: 6.06 | L4: 12.2 | M4: =SQRT(B4) -> 11.7047 | N4: =ROUND(Table1[[#This Row],[SQRT]],2) -> 11.7 | O4: =MIN(H4,I4) -> 114 | P4: =MAX(H4,I4) -> 243.4 | Q4: =AVERAGE(H4,I4) -> 178.7 | R4: =SUM(H4,I4) -> 357.4 | S4: =MEDIAN(D4,G4) -> 0.5 | T4: =RANK(B4,B:B) -> #N/A | U4: =LEFT(C4,1) -> M | V4: =RIGHT(C4,2) -> le | W4: =LEN(C4) -> 4 | X4: 46115 | Y4: =YEAR(X4) -> 2026 | Z4: =MONTH(X4) -> 4 | AA4: =DAY(X4) -> 3 | AB4: =WEEKDAY(X4) -> 6 | AC4: =EOMONTH(X4,4) -> 46265 | AD4: =NETWORKDAYS(X4,AC4) -> 107 | AF4: P | AG4: APPLE | AH4: =FIND(AF4,AG4) -> 2 | AJ4: =REPLACE(AI3,5,4,"2027") -> ABC-2027-011 | AK4: =SUBSTITUTE(AI3,"011","022") -> ABC-2026-022 | AL4: =MID(AG4,1,5) -> APPLE | AM4: =SEARCH("E",AG4,1) -> 5 | AP4: 2 | AQ4: Priya Singh | AR4: 28 | AS4: Female | AT4: HR Executive | AU4: 40000 | AV4: HR | AW4: 4 | AX4: Chennai | BC4: 102 | BD4: Priya | BE4: 19 | BF4: Female | BG4: Vijayawada | BH4: 85 | BI4: 88 | BJ4: 90 | BK4: 95 | BM4: SUMMARY | BN4: Science Marks | BO4: English Marks | BP4: Total | BR4: Science Marks | BS4: 0.98312431 | BT4: 1 | CB4: 1 | CC4: Rahul | CD4: Male | CE4: Hyderabad | CF4: IT | CG4: 25 | CH4: 45000 | CI4: Good | CJ4: =IF(CG4<20,"Below 20",IF(CG4<=25,"20-25",IF(CG4<=30,"26-30",IF(CG4<=35,"31-35","Above 35")))) -> 20-25 | CL4: Male | CM4: 263000 | DA4: Female | DB4: 26
A5: 0 | B5: 84 | C5: Male | D5: 0 | E5: 0 | F5: 0 | G5: 2 | H5: 299.4 | I5: 71 | J5: 57 | K5: 3.1 | L5: 6.6 | M5: =SQRT(B5) -> 9.1651514 | N5: =ROUND(Table1[[#This Row],[SQRT]],2) -> 9.17 | O5: =MIN(H5,I5) -> 71 | P5: =MAX(H5,I5) -> 299.4 | Q5: =AVERAGE(H5,I5) -> 185.2 | R5: =SUM(H5,I5) -> 370.4 | S5: =MEDIAN(D5,G5) -> 1 | T5: =RANK(B5,B:B) -> #N/A | U5: =LEFT(C5,1) -> M | V5: =RIGHT(C5,2) -> le | W5: =LEN(C5) -> 4 | X5: 46116 | Y5: =YEAR(X5) -> 2026 | Z5: =MONTH(X5) -> 4 | AA5: =DAY(X5) -> 4 | AB5: =WEEKDAY(X5) -> 7 | AC5: =EOMONTH(X5,4) -> 46265 | AD5: =NETWORKDAYS(X5,AC5) -> 106 | AF5: P | AG5: APPLE | AH5: =FIND(AF5,AG5) -> 2 | AL5: =MID(AG5,3,5) -> PLE | AP5: 3 | AQ5: Arjun Reddy | AR5: 30 | AS5: Male | AT5: Software Engineer | AU5: 55000 | AV5: IT | AW5: 6 | AX5: Bengaluru | BC5: 103 | BD5: Kiran | BE5: 18 | BF5: Male | BG5: Tenali | BH5: 65 | BI5: 70 | BJ5: 68 | BK5: 85 | BM5: 78 | BR5: English Marks | BS5: 0.97810919 | BT5: 0.96831539 | BU5: 1 | CB5: 2 | CC5: Priya | CD5: Female | CE5: Chennai | CF5: HR | CG5: 28 | CH5: 40000 | CI5: Excellent | CJ5: =IF(CG5<20,"Below 20",IF(CG5<=25,"20-25",IF(CG5<=30,"26-30",IF(CG5<=35,"31-35","Above 35")))) -> 26-30 | CL5: Grand Total | CM5: 263000 | DA5: Male | DB5: 30
A6: 0 | B6: 75 | C6: Male | D6: 0 | E6: 0 | F6: 0 | G6: 3 | H6: 166.7 | I6: 113 | J6: 41 | K6: 7.42 | L6: 10.1 | M6: =SQRT(B6) -> 8.660254 | N6: =ROUND(Table1[[#This Row],[SQRT]],2) -> 8.66 | O6: =MIN(H6,I6) -> 113 | P6: =MAX(H6,I6) -> 166.7 | Q6: =AVERAGE(H6,I6) -> 139.85 | R6: =SUM(H6,I6) -> 279.7 | S6: =MEDIAN(D6,G6) -> 1.5 | T6: =RANK(B6,B:B) -> #N/A | U6: =LEFT(C6,1) -> M | V6: =RIGHT(C6,2) -> le | W6: =LEN(C6) -> 4 | X6: 46117 | Y6: =YEAR(X6) -> 2026 | Z6: =MONTH(X6) -> 4 | AA6: =DAY(X6) -> 5 | AB6: =WEEKDAY(X6) -> 1 | AC6: =EOMONTH(X6,4) -> 46265 | AD6: =NETWORKDAYS(X6,AC6) -> 106 | AF6: L | AG6: APPLE | AH6: =FIND(AF6,AG6) -> 4 | AP6: 4 | AQ6: Sneha Patel | AR6: 27 | AS6: Female | AT6: Accountant | AU6: 42000 | AV6: Finance | AW6: 3 | AX6: Mumbai | BC6: 104 | BD6: Sneha | BE6: 20 | BF6: Female | BG6: Guntur | BH6: 92 | BI6: 95 | BJ6: 91 | BK6: 98 | BM6: Count | BN6: 10 | BO6: 10 | BP6: 20 | CB6: 3 | CC6: Arjun | CD6: Male | CE6: Bangalore | CF6: Finance | CG6: 30 | CH6: 50000 | CI6: Average | CJ6: =IF(CG6<20,"Below 20",IF(CG6<=25,"20-25",IF(CG6<=30,"26-30",IF(CG6<=35,"31-35","Above 35")))) -> 26-30 | DA6: HR | DB6: 81
A7: 0 | B7: 118 | C7: Male | D7: 0 | E7: 0 | F7: 0 | G7: 0 | H7: 223.4 | I7: 98 | J7: 57 | K7: 11.03 | L7: 6.3 | M7: =SQRT(B7) -> 10.86278 | N7: =ROUND(Table1[[#This Row],[SQRT]],2) -> 10.86 | O7: =MIN(H7,I7) -> 98 | P7: =MAX(H7,I7) -> 223.4 | Q7: =AVERAGE(H7,I7) -> 160.7 | R7: =SUM(H7,I7) -> 321.4 | S7: =MEDIAN(D7,G7) -> 0 | T7: =RANK(B7,B:B) -> #N/A | U7: =LEFT(C7,1) -> M | V7: =RIGHT(C7,2) -> le | W7: =LEN(C7) -> 4 | X7: 46118 | Y7: =YEAR(X7) -> 2026 | Z7: =MONTH(X7) -> 4 | AA7: =DAY(X7) -> 6 | AB7: =WEEKDAY(X7) -> 2 | AC7: =EOMONTH(X7,4) -> 46265 | AD7: =NETWORKDAYS(X7,AC7) -> 106 | AF7: E | AG7: APPLE | AH7: =FIND(AF7,AG7) -> 5 | AI7: MANGO | AP7: 5 | AQ7: Kiran Rao | AR7: 35 | AS7: Male | AT7: Project Manager | AU7: 75000 | AV7: Operations | AW7: 10 | AX7: Pune | BC7: 105 | BD7: Arjun | BE7: 19 | BF7: Male | BG7: Ongole | BH7: 74 | BI7: 78 | BJ7: 72 | BK7: 89 | BM7: Sum | BN7: 823 | BO7: 793 | BP7: 1616 | CB7: 4 | CC7: Sneha | CD7: Female | CE7: Mumbai | CF7: IT | CG7: 27 | CH7: 48000 | CI7: Good | CJ7: =IF(CG7<20,"Below 20",IF(CG7<=25,"20-25",IF(CG7<=30,"26-30",IF(CG7<=35,"31-35","Above 35")))) -> 26-30 | DA7: Female | DB7: 81
A8: 0 | B8: 121 | C8: Male | D8: 1 | E8: 1 | F8: 2.03 | G8: 3 | H8: 218.2 | I8: 88 | J8: 87.3 | K8: 17.43 | L8: 7.5 | M8: =SQRT(B8) -> 11 | N8: =ROUND(Table1[[#This Row],[SQRT]],2) -> 11 | O8: =MIN(H8,I8) -> 88 | P8: =MAX(H8,I8) -> 218.2 | Q8: =AVERAGE(H8,I8) -> 153.1 | R8: =SUM(H8,I8) -> 306.2 | S8: =MEDIAN(D8,G8) -> 2 | T8: =RANK(B8,B:B) -> #N/A | U8: =LEFT(C8,1) -> M | V8: =RIGHT(C8,2) -> le | W8: =LEN(C8) -> 4 | X8: 46119 | Y8: =YEAR(X8) -> 2026 | Z8: =MONTH(X8) -> 4 | AA8: =DAY(X8) -> 7 | AB8: =WEEKDAY(X8) -> 3 | AC8: =EOMONTH(X8,4) -> 46265 | AD8: =NETWORKDAYS(X8,AC8) -> 105 | AP8: 6 | AQ8: Anjali Devi | AR8: 24 | AS8: Female | AT8: Marketing Executive | AU8: 32000 | AV8: Marketing | AW8: 1 | AX8: Delhi | BC8: 106 | BD8: Divya | BE8: 18 | BF8: Female | BG8: Tenali | BH8: 88 | BI8: 84 | BJ8: 86 | BK8: 94 | BM8: Average | BN8: 82.3 | BO8: 79.3 | BP8: 80.8 | BR8: CO-VARIANCE | CB8: 5 | CC8: Kiran | CD8: Male | CE8: Hyderabad | CF8: Sales | CG8: 35 | CH8: 55000 | CI8: Excellent | CJ8: =IF(CG8<20,"Below 20",IF(CG8<=25,"20-25",IF(CG8<=30,"26-30",IF(CG8<=35,"31-35","Above 35")))) -> 31-35 | CL8: Row Labels | CM8: Sum of Salary | DA8: IT | DB8: 83
A9: 0 | B9: 147 | C9: Male | D9: 0 | E9: 0 | F9: 0 | G9: 0 | H9: 157 | I9: 79 | J9: 36 | K9: 5.16 | L9: 7.1 | M9: =SQRT(B9) -> 12.124356 | N9: =ROUND(Table1[[#This Row],[SQRT]],2) -> 12.12 | O9: =MIN(H9,I9) -> 79 | P9: =MAX(H9,I9) -> 157 | Q9: =AVERAGE(H9,I9) -> 118 | R9: =SUM(H9,I9) -> 236 | S9: =MEDIAN(D9,G9) -> 0 | T9: =RANK(B9,B:B) -> #N/A | U9: =LEFT(C9,1) -> M | V9: =RIGHT(C9,2) -> le | W9: =LEN(C9) -> 4 | X9: 46120 | Y9: =YEAR(X9) -> 2026 | Z9: =MONTH(X9) -> 4 | AA9: =DAY(X9) -> 8 | AB9: =WEEKDAY(X9) -> 4 | AC9: =EOMONTH(X9,4) -> 46265 | AD9: =NETWORKDAYS(X9,AC9) -> 104 | AP9: 7 | AQ9: Vikas Sharma | AR9: 32 | AS9: Male | AT9: Team Lead | AU9: 68000 | AV9: IT | AW9: 8 | AX9: Kolkata | BC9: 107 | BD9: Ramesh | BE9: 20 | BF9: Male | BG9: Vijayawada | BH9: 55 | BI9: 60 | BJ9: 58 | BK9: 80 | BM9: Variance | BN9: 142.01111 | BO9: 149.56667 | BP9: 140.48421 | BS9: Column 1 | BT9: Column 2 | BU9: Column 3 | CB9: 6 | CC9: Divya | CD9: Female | CE9: Chennai | CF9: HR | CG9: 29 | CH9: 42000 | CI9: Good | CJ9: =IF(CG9<20,"Below 20",IF(CG9<=25,"20-25",IF(CG9<=30,"26-30",IF(CG9<=35,"31-35","Above 35")))) -> 26-30 | CL9: Finance | CM9: 97000 | DA9: Female | DB9: 27
A10: 0 | B10: 117 | C10: Male | D10: 1 | E10: 0 | F10: 0.19 | G10: 1 | H10: 184.5 | I10: 97 | J10: 63.9 | K10: 17.58 | L10: 8.7 | M10: =SQRT(B10) -> 10.816654 | N10: =ROUND(Table1[[#This Row],[SQRT]],2) -> 10.82 | O10: =MIN(H10,I10) -> 97 | P10: =MAX(H10,I10) -> 184.5 | Q10: =AVERAGE(H10,I10) -> 140.75 | R10: =SUM(H10,I10) -> 281.5 | S10: =MEDIAN(D10,G10) -> 1 | T10: =RANK(B10,B:B) -> #N/A | U10: =LEFT(C10,1) -> M | V10: =RIGHT(C10,2) -> le | W10: =LEN(C10) -> 4 | X10: 46121 | Y10: =YEAR(X10) -> 2026 | Z10: =MONTH(X10) -> 4 | AA10: =DAY(X10) -> 9 | AB10: =WEEKDAY(X10) -> 5 | AC10: =EOMONTH(X10,4) -> 46265 | AD10: =NETWORKDAYS(X10,AC10) -> 103 | AP10: 8 | AQ10: Meera Nair | AR10: 29 | AS10: Female | AT10: Business Analyst | AU10: 50000 | AV10: Business | AW10: 5 | AX10: Kochi | BC10: 108 | BD10: Anitha | BE10: 19 | BF10: Female | BG10: Guntur | BH10: 90 | BI10: 93 | BJ10: 89 | BK10: 97 | BR10: Column 1 | BS10: =VARP(telecom_churn!$BH$3:$BH$12) -> 154.05 | CB10: 7 | CC10: Rohit | CD10: Male | CE10: Bangalore | CF10: IT | CG10: 31 | CH10: 60000 | CI10: Excellent | CJ10: =IF(CG10<20,"Below 20",IF(CG10<=25,"20-25",IF(CG10<=30,"26-30",IF(CG10<=35,"31-35","Above 35")))) -> 31-35 | CL10: HR | CM10: 121000 | DA10: Male | DB10: 56
A11: 0 | B11: 141 | C11: Female | D11: 0 | E11: 1 | F11: 3.02 | G11: 0 | H11: 258.6 | I11: 84 | J11: 93.2 | K11: 11.1 | L11: 11.2 | M11: =SQRT(B11) -> 11.874342 | N11: =ROUND(Table1[[#This Row],[SQRT]],2) -> 11.87 | O11: =MIN(H11,I11) -> 84 | P11: =MAX(H11,I11) -> 258.6 | Q11: =AVERAGE(H11,I11) -> 171.3 | R11: =SUM(H11,I11) -> 342.6 | S11: =MEDIAN(D11,G11) -> 0 | T11: =RANK(B11,B:B) -> #N/A | U11: =LEFT(C11,1) -> F | V11: =RIGHT(C11,2) -> le | W11: =LEN(C11) -> 6 | X11: 46122 | Y11: =YEAR(X11) -> 2026 | Z11: =MONTH(X11) -> 4 | AA11: =DAY(X11) -> 10 | AB11: =WEEKDAY(X11) -> 6 | AC11: =EOMONTH(X11,4) -> 46265 | AD11: =NETWORKDAYS(X11,AC11) -> 102 | AP11: 9 | AQ11: Ramesh Gupta | AR11: 40 | AS11: Male | AT11: General Manager | AU11: 90000 | AV11: Management | AW11: 15 | AX11: Jaipur | BC11: 109 | BD11: Suresh | BE11: 18 | BF11: Male | BG11: Ongole | BH11: 72 | BI11: 75 | BJ11: 70 | BK11: 88 | BM11: Total | BR11: Column 2 | BS11: 137.95 | BT11: =VARP(telecom_churn!$BI$3:$BI$12) -> 127.81 | CB11: 8 | CC11: Anjali | CD11: Female | CE11: Mumbai | CF11: Finance | CG11: 26 | CH11: 47000 | CI11: Average | CJ11: =IF(CG11<20,"Below 20",IF(CG11<=25,"20-25",IF(CG11<=30,"26-30",IF(CG11<=35,"31-35","Above 35")))) -> 26-30 | CL11: IT | CM11: 153000 | DA11: Sales | DB11: 68
A12: 1 | B12: 65 | C12: Female | D12: 1 | E12: 0 | F12: 0.29 | G12: 4 | H12: 129.1 | I12: 137 | J12: 44.9 | K12: 11.43 | L12: 12.7 | M12: =SQRT(B12) -> 8.0622577 | N12: =ROUND(Table1[[#This Row],[SQRT]],2) -> 8.06 | O12: =MIN(H12,I12) -> 129.1 | P12: =MAX(H12,I12) -> 137 | Q12: =AVERAGE(H12,I12) -> 133.05 | R12: =SUM(H12,I12) -> 266.1 | S12: =MEDIAN(D12,G12) -> 2.5 | T12: =RANK(B12,B:B) -> #N/A | U12: =LEFT(C12,1) -> F | V12: =RIGHT(C12,2) -> le | W12: =LEN(C12) -> 6 | X12: 46123 | Y12: =YEAR(X12) -> 2026 | Z12: =MONTH(X12) -> 4 | AA12: =DAY(X12) -> 11 | AB12: =WEEKDAY(X12) -> 7 | AC12: =EOMONTH(X12,4) -> 46265 | AD12: =NETWORKDAYS(X12,AC12) -> 101 | AF12: MATHEMATICAL FUNCTIONS | AP12: 10 | AQ12: Pooja Verma | AR12: 26 | AS12: Female | AT12: UI/UX Designer | AU12: 45000 | AV12: Design | AW12: 3 | AX12: Noida | BC12: 110 | BD12: Kavya | BE12: 20 | BF12: Female | BG12: Vijayawada | BH12: 96 | BI12: 98 | BJ12: 94 | BK12: 99 | BM12: Count | BN12: 10 | BO12: 10 | BR12: Column 3 | BS12: 140.85 | BT12: 127.01 | BU12: =VARP(telecom_churn!$BJ$3:$BJ$12) -> 134.61 | CB12: 9 | CC12: Varun | CD12: Male | CE12: Hyderabad | CF12: Sales | CG12: 33 | CH12: 53000 | CI12: Good | CJ12: =IF(CG12<20,"Below 20",IF(CG12<=25,"20-25",IF(CG12<=30,"26-30",IF(CG12<=35,"31-35","Above 35")))) -> 31-35 | CL12: Sales | CM12: 108000 | DA12: Male | DB12: 68
A13: 0 | B13: 74 | C13: Female | D13: 1 | E13: 0 | F13: 0.34 | G13: 0 | H13: 187.7 | I13: 127 | J13: 49.4 | K13: 8.17 | L13: 9.1 | M13: =SQRT(B13) -> 8.6023253 | N13: =ROUND(Table1[[#This Row],[SQRT]],2) -> 8.6 | O13: =MIN(H13,I13) -> 127 | P13: =MAX(H13,I13) -> 187.7 | Q13: =AVERAGE(H13,I13) -> 157.35 | R13: =SUM(H13,I13) -> 314.7 | S13: =MEDIAN(D13,G13) -> 0.5 | T13: =RANK(B13,B:B) -> #N/A | U13: =LEFT(C13,1) -> F | V13: =RIGHT(C13,2) -> le | W13: =LEN(C13) -> 6 | X13: 46124 | Y13: =YEAR(X13) -> 2026 | Z13: =MONTH(X13) -> 4 | AA13: =DAY(X13) -> 12 | AB13: =WEEKDAY(X13) -> 1 | AC13: =EOMONTH(X13,4) -> 46265 | AD13: =NETWORKDAYS(X13,AC13) -> 101 | AP13: 11 | AQ13: Sunil Kumar | AR13: 31 | AS13: Male | AT13: Network Engineer | AU13: 52000 | AV13: IT | AW13: 7 | AX13: Vijayawada | BA13: 30 | BM13: Sum | BN13: 823 | BO13: 793 | CB13: 10 | CC13: Pooja | CD13: Female | CE13: Bangalore | CF13: HR | CG13: 24 | CH13: 39000 | CI13: Excellent | CJ13: =IF(CG13<20,"Below 20",IF(CG13<=25,"20-25",IF(CG13<=30,"26-30",IF(CG13<=35,"31-35","Above 35")))) -> 20-25 | CL13: Grand Total | CM13: 479000 | DA13: Grand Total | DB13: 288
A14: 0 | B14: 168 | C14: Female | D14: 1 | E14: 0 | F14: 0 | G14: 1 | H14: 128.8 | I14: 96 | J14: 31 | K14: 5.25 | L14: 11.2 | M14: =SQRT(B14) -> 12.961481 | N14: =ROUND(Table1[[#This Row],[SQRT]],2) -> 12.96 | O14: =MIN(H14,I14) -> 96 | P14: =MAX(H14,I14) -> 128.8 | Q14: =AVERAGE(H14,I14) -> 112.4 | R14: =SUM(H14,I14) -> 224.8 | S14: =MEDIAN(D14,G14) -> 1 | T14: =RANK(B14,B:B) -> #N/A | U14: =LEFT(C14,1) -> F | V14: =RIGHT(C14,2) -> le | W14: =LEN(C14) -> 6 | X14: 46125 | Y14: =YEAR(X14) -> 2026 | Z14: =MONTH(X14) -> 4 | AA14: =DAY(X14) -> 13 | AB14: =WEEKDAY(X14) -> 2 | AC14: =EOMONTH(X14,4) -> 46265 | AD14: =NETWORKDAYS(X14,AC14) -> 101 | AF14: PRODUCT | AG14: MOD | AH14: FACT | AI14: ROUND | AJ14: ROUNDDOWN | AK14: ROUNDUP | AP14: 12 | AQ14: Kavya Reddy | AR14: 23 | AS14: Female | AT14: Content Writer | AU14: 28000 | AV14: Marketing | AW14: 1 | AX14: Guntur | BD14: Anova: Single Factor | BM14: Average | BN14: 82.3 | BO14: 79.3
A15: 0 | B15: 95 | C15: Female | D15: 1 | E15: 0 | F15: 0.44 | G15: 3 | H15: 156.6 | I15: 88 | J15: 52.4 | K15: 12.38 | L15: 12.3 | M15: =SQRT(B15) -> 9.7467943 | N15: =ROUND(Table1[[#This Row],[SQRT]],2) -> 9.75 | O15: =MIN(H15,I15) -> 88 | P15: =MAX(H15,I15) -> 156.6 | Q15: =AVERAGE(H15,I15) -> 122.3 | R15: =SUM(H15,I15) -> 244.6 | S15: =MEDIAN(D15,G15) -> 2 | T15: =RANK(B15,B:B) -> #N/A | U15: =LEFT(C15,1) -> F | V15: =RIGHT(C15,2) -> le | W15: =LEN(C15) -> 6 | X15: 46126 | Y15: =YEAR(X15) -> 2026 | Z15: =MONTH(X15) -> 4 | AA15: =DAY(X15) -> 14 | AB15: =WEEKDAY(X15) -> 3 | AC15: =EOMONTH(X15,4) -> 46265 | AD15: =NETWORKDAYS(X15,AC15) -> 100 | AF15: =PRODUCT(3,9) -> 27 | AG15: =MOD(77,3) -> 2 | AH15: =FACT(6) -> 720 | AI15: =ROUND(SQRT(45),2) -> 6.71 | AJ15: =ROUNDDOWN(SQRT(38),2) -> 6.16 | AK15: =ROUNDUP(SQRT(68),2) -> 8.25 | AP15: 13 | AQ15: Manoj Sharma | AR15: 38 | AS15: Male | AT15: Senior Developer | AU15: 80000 | AV15: IT | AW15: 12 | AX15: Hyderabad | BM15: Variance | BN15: 142.01111 | BO15: 149.56667 | CC15: Row Labels | CD15: Sum of Salary | DD15: Row Labels | DE15: Count of ID
A16: 0 | B16: 62 | C16: Female | D16: 1 | E16: 0 | F16: 0 | G16: 4 | H16: 120.7 | I16: 70 | J16: 47 | K16: 15.36 | L16: 13.1 | M16: =SQRT(B16) -> 7.8740079 | N16: =ROUND(Table1[[#This Row],[SQRT]],2) -> 7.87 | O16: =MIN(H16,I16) -> 70 | P16: =MAX(H16,I16) -> 120.7 | Q16: =AVERAGE(H16,I16) -> 95.35 | R16: =SUM(H16,I16) -> 190.7 | S16: =MEDIAN(D16,G16) -> 2.5 | T16: =RANK(B16,B:B) -> #N/A | U16: =LEFT(C16,1) -> F | V16: =RIGHT(C16,2) -> le | W16: =LEN(C16) -> 6 | X16: 46127 | Y16: =YEAR(X16) -> 2026 | Z16: =MONTH(X16) -> 4 | AA16: =DAY(X16) -> 15 | AB16: =WEEKDAY(X16) -> 4 | AC16: =EOMONTH(X16,4) -> 46265 | AD16: =NETWORKDAYS(X16,AC16) -> 99 | AF16: =PRODUCT(10,5) -> 50 | AG16: =MOD(100,5) -> 0 | AH16: =FACT(10) -> 3628800 | AI16: =ROUND(SQRT(26),2) -> 5.1 | AJ16: =ROUNDDOWN(SQRT(42),2) -> 6.48 | AK16: =ROUNDUP(SQRT(28),2) -> 5.3 | AP16: 14 | AQ16: Deepika Das | AR16: 29 | AS16: Female | AT16: Recruiter | AU16: 39000 | AV16: HR | AW16: 5 | AX16: Bhubaneswar | BD16: SUMMARY | CC16: Average | CD16: 97000 | CM16: Row Labels | CN16: Sum of Age | CO16: Sum of Salary | DD16: Bangalore | DE16: 3
A17: 1 | B17: 161 | C17: Female | D17: 1 | E17: 0 | F17: 0 | G17: 4 | H17: 332.9 | I17: 67 | J17: 84 | K17: 15.89 | L17: 5.4 | M17: =SQRT(B17) -> 12.688578 | N17: =ROUND(Table1[[#This Row],[SQRT]],2) -> 12.69 | O17: =MIN(H17,I17) -> 67 | P17: =MAX(H17,I17) -> 332.9 | Q17: =AVERAGE(H17,I17) -> 199.95 | R17: =SUM(H17,I17) -> 399.9 | S17: =MEDIAN(D17,G17) -> 2.5 | T17: =RANK(B17,B:B) -> #N/A | U17: =LEFT(C17,1) -> F | V17: =RIGHT(C17,2) -> le | W17: =LEN(C17) -> 6 | X17: 46128 | Y17: =YEAR(X17) -> 2026 | Z17: =MONTH(X17) -> 4 | AA17: =DAY(X17) -> 16 | AB17: =WEEKDAY(X17) -> 5 | AC17: =EOMONTH(X17,4) -> 46265 | AD17: =NETWORKDAYS(X17,AC17) -> 98 | AP17: 15 | AQ17: Akash Jain | AR17: 27 | AS17: Male | AT17: Sales Executive | AU17: 36000 | AV17: Sales | AW17: 3 | AX17: Indore | BD17: Groups | BE17: Count | BF17: Sum | BG17: Average | BH17: Variance | CC17: Excellent | CD17: 194000 | CM17: 20-25 | CN17: 49 | CO17: 84000 | DD17: Chennai | DE17: 2
A18: 0 | B18: 85 | C18: Female | D18: 1 | E18: 1 | F18: 3.73 | G18: 1 | H18: 196.4 | I18: 139 | J18: 95.3 | K18: 14.05 | L18: 13.8 | M18: =SQRT(B18) -> 9.2195445 | N18: =ROUND(Table1[[#This Row],[SQRT]],2) -> 9.22 | O18: =MIN(H18,I18) -> 139 | P18: =MAX(H18,I18) -> 196.4 | Q18: =AVERAGE(H18,I18) -> 167.7 | R18: =SUM(H18,I18) -> 335.4 | S18: =MEDIAN(D18,G18) -> 1 | T18: =RANK(B18,B:B) -> #N/A | U18: =LEFT(C18,1) -> F | V18: =RIGHT(C18,2) -> le | W18: =LEN(C18) -> 6 | X18: 46129 | Y18: =YEAR(X18) -> 2026 | Z18: =MONTH(X18) -> 4 | AA18: =DAY(X18) -> 17 | AB18: =WEEKDAY(X18) -> 6 | AC18: =EOMONTH(X18,4) -> 46265 | AD18: =NETWORKDAYS(X18,AC18) -> 97 | AP18: 16 | AQ18: Neha Kapoor | AR18: 34 | AS18: Female | AT18: Financial Analyst | AU18: 62000 | AV18: Finance | AW18: 9 | AX18: Chandigarh | BA18: 45000 | BD18: Column 1 | BE18: 10 | BF18: 795 | BG18: 79.5 | BH18: 171.16667 | BM18: ANOVA | CC18: Good | CD18: 188000 | CM18: 26-30 | CN18: 140 | CO18: 227000 | DD18: Hyderabad | DE18: 3
A19: 0 | B19: 93 | C19: Female | D19: 1 | E19: 0 | F19: 0 | G19: 3 | H19: 190.7 | I19: 114 | J19: 51 | K19: 10.91 | L19: 8.1 | M19: =SQRT(B19) -> 9.6436508 | N19: =ROUND(Table1[[#This Row],[SQRT]],2) -> 9.64 | O19: =MIN(H19,I19) -> 114 | P19: =MAX(H19,I19) -> 190.7 | Q19: =AVERAGE(H19,I19) -> 152.35 | R19: =SUM(H19,I19) -> 304.7 | S19: =MEDIAN(D19,G19) -> 2 | T19: =RANK(B19,B:B) -> #N/A | U19: =LEFT(C19,1) -> F | V19: =RIGHT(C19,2) -> le | W19: =LEN(C19) -> 6 | X19: 46130 | Y19: =YEAR(X19) -> 2026 | Z19: =MONTH(X19) -> 4 | AA19: =DAY(X19) -> 18 | AB19: =WEEKDAY(X19) -> 7 | AC19: =EOMONTH(X19,4) -> 46265 | AD19: =NETWORKDAYS(X19,AC19) -> 96 | AF19: DATE | AG19: PRODUCT | AH19: COLOR | AI19: REGION | AJ19: VALUE | AK19: TOTAL | AL19: AVG | AP19: 17 | AQ19: Ravi Teja | AR19: 22 | AS19: Male | AT19: Junior Developer | AU19: 30000 | AV19: IT | AW19: 1 | AX19: Visakhapatnam | BD19: Column 2 | BE19: 10 | BF19: 823 | BG19: 82.3 | BH19: 142.01111 | BM19: Source of Variation | BN19: SS | BO19: df | BP19: MS | BQ19: F | CC19: Grand Total | CD19: 479000 | CM19: 31-35 | CN19: 99 | CO19: 168000 | DD19: Mumbai | DE19: 2
A20: 0 | B20: 76 | C20: Male | D20: 1 | E20: 1 | F20: 2.7 | G20: 1 | H20: 189.7 | I20: 66 | J20: 78 | K20: 10.64 | L20: 10 | M20: =SQRT(B20) -> 8.7177979 | N20: =ROUND(Table1[[#This Row],[SQRT]],2) -> 8.72 | O20: =MIN(H20,I20) -> 66 | P20: =MAX(H20,I20) -> 189.7 | Q20: =AVERAGE(H20,I20) -> 127.85 | R20: =SUM(H20,I20) -> 255.7 | S20: =MEDIAN(D20,G20) -> 1 | T20: =RANK(B20,B:B) -> #N/A | U20: =LEFT(C20,1) -> M | V20: =RIGHT(C20,2) -> le | W20: =LEN(C20) -> 4 | X20: 46131 | Y20: =YEAR(X20) -> 2026 | Z20: =MONTH(X20) -> 4 | AA20: =DAY(X20) -> 19 | AB20: =WEEKDAY(X20) -> 1 | AC20: =EOMONTH(X20,4) -> 46265 | AD20: =NETWORKDAYS(X20,AC20) -> 96 | AF20: 46174 | AG20: MOUSE | AH20: RED | AI20: AP | AJ20: 100 | AK20: RED | AL20: =AVERAGEIF(AH20:AH24,"RED",AJ20:AJ24) -> 76.666667 | AP20: 18 | AQ20: Shreya Gupta | AR20: 33 | AS20: Female | AT20: Operations Manager | AU20: 70000 | AV20: Operations | AW20: 8 | AX20: Lucknow | BD20: Column 3 | BE20: 10 | BF20: 793 | BG20: 79.3 | BH20: 149.56667 | BM20: Sample | BN20: 0 | BO20: 0 | BP20: 65535 | BQ20: 65535 | CM20: Grand Total | CN20: 288 | CO20: 479000 | DD20: Grand Total | DE20: 10
AF21: 46174 | AG21: KEYBOARD | AH21: BLUE | AI21: MH | AJ21: 50 | AK21: RED+AP | AL21: =AVERAGEIFS(AJ20:AJ24,AH20:AH24,"RED",AI20:AI24,"AP") -> 76.666667 | AP21: 19 | AQ21: Suresh Babu | AR21: 41 | AS21: Male | AT21: Branch Manager | AU21: 95000 | AV21: Management | AW21: 16 | AX21: Tirupati | BM21: Columns | BN21: 45 | BO21: 1 | BP21: 45 | BQ21: 0.3086655 | BR21: Total | BS21: 4220.9667 | BT21: 29
AF22: 46175 | AG22: MOUSE | AH22: RED | AI22: AP | AJ22: 100 | AK22: RED+AP+MOUSE | AL22: =AVERAGEIFS(AJ20:AJ24,AH20:AH24,"RED",AI20:AI24,"AP",AG20:AG24,"MOUSE") -> 76.666667 | AP22: 20 | AQ22: Divya Sharma | AR22: 28 | AS22: Female | AT22: Graphic Designer | AU22: 43000 | AV22: Design | AW22: 4 | AX22: Nagpur | BM22: Interaction | BN22: 0 | BO22: 0 | BP22: 65535 | BQ22: 65535 | BR22: #NUM! | BS22: #NUM! | CM22: Row Labels | CN22: Count of ID
AF23: 46176 | AG23: MOUSE | AH23: RED | AI23: AP | AJ23: 30 | BD23: ANOVA | BM23: Within | BN23: 2624.2 | BO23: 18 | BP23: 145.78889 | CB23: Row Labels | CC23: Count of ID | CM23: Female | CN23: 5
AF24: 46177 | AG24: KEYBOARD | AH24: YELLOW | AI24: MH | AJ24: 20 | BD24: Source of Variation | BE24: SS | BF24: df | BG24: MS | BH24: F | BI24: P-value | BJ24: F crit | CB24: Finance | CC24: 2 | CM24: Male | CN24: 5
AI25: TOTAL | AJ25: =SUM(AJ20:AJ24) -> 300 | AQ25: CUSTOM FORMATTING | BD25: Between Groups | BE25: 56.266667 | BF25: 2 | BG25: 28.133333 | BH25: 0.18239009 | BI25: 0.83429436 | BJ25: 3.3541308 | BM25: Total | BN25: 2669.2 | BO25: 19 | CB25: HR | CC25: 3 | CM25: Grand Total | CN25: 10
AI26: RED | AJ26: =SUMIF(AH20:AH24,"RED",AJ20:AJ24) -> 230 | AQ26: ID | AR26: Name | AS26: Age | AT26: Subject1 Marks | AU26: Subject2 Marks | AV26: Gender | AW26: Fee | AX26: Attendance (%) | AY26: Time | AZ26: Profit | BD26: Within Groups | BE26: 4164.7 | BF26: 27 | BG26: 154.24815 | CB26: IT | CC26: 3
AI27: RED+AP | AJ27: =SUMIFS(AJ20:AJ24,AH20:AH24,"RED",AI20:AI24,"AP") -> 230 | AQ27: 1 | AR27: Rahul | AS27: 18 | AT27: 85 | AU27: 90 | AV27: Male | AW27: 15000 | AX27: 92.5 | AY27: 0.375 | AZ27: 2500 | CB27: Sales | CC27: 2
AI28: RED+AP+MOUSE | AJ28: =SUMIFS(AJ20:AJ24,AH20:AH24,"RED",AI20:AI24,"AP",AG20:AG24,"MOUSE") -> 230 | AQ28: 2 | AR28: Priya | AS28: 19 | AT28: 78 | AU28: 88 | AV28: Female | AW28: 15000 | AX28: 89 | AY28: 0.38194444 | AZ28: -500 | BD28: Total | BE28: 4220.9667 | BF28: 29 | CB28: Grand Total | CC28: 10
AQ29: 3 | AR29: Arjun | AS29: 20 | AT29: 92 | AU29: 95 | AV29: Male | AW29: 16000 | AX29: 96 | AY29: 0.37847222 | AZ29: 0
AQ30: 4 | AR30: Sneha | AS30: 18 | AT30: 81 | AU30: 84 | AV30: Female | AW30: 15000 | AX30: 91 | AY30: 0.38541667 | AZ30: 1500
AQ31: 5 | AR31: Kiran | AS31: 21 | AT31: 75 | AU31: 80 | AV31: Male | AW31: 17000 | AX31: 85.5 | AY31: 0.38888889 | AZ31: -1000 | BM31: Anova: Two-Factor Without Replication | BT31: Descriptive statistics
AQ32: 6 | AR32: Divya | AS32: 19 | AT32: 88 | AU32: 91 | AV32: Female | AW32: 16000 | AX32: 94 | AY32: 0.375 | AZ32: 3000 | BD32: Anova: Two-Factor Without Replication | BT32: Math Marks | BV32: Science Marks | BX32: English Marks
AQ33: 7 | AR33: Vikram | AS33: 20 | AT33: 67 | AU33: 72 | AV33: Male | AW33: 15500 | AX33: 82 | AY33: 0.39236111 | AZ33: 0 | BM33: SUMMARY | BN33: Count | BO33: Sum | BP33: Average | BQ33: Variance
AQ34: 8 | AR34: Anjali | AS34: 18 | AT34: 95 | AU34: 98 | AV34: Female | AW34: 16500 | AX34: 98 | AY34: 0.37152778 | AZ34: -2000 | BD34: SUMMARY | BE34: Count | BF34: Sum | BG34: Average | BH34: Variance | BM34: Row 1 | BN34: 3 | BO34: 249 | BP34: 83 | BQ34: 73 | BT34: Mean | BU34: 79.5 | BV34: Mean | BW34: 82.3 | BX34: Mean | BY34: 79.3
AF35: LOOKUP FUNCTIONS | AQ35: 9 | AR35: Rohan | AS35: 22 | AT35: 73 | AU35: 77 | AV35: Male | AW35: 17500 | AX35: 87 | AY35: 0.39583333 | AZ35: 1200 | BD35: Row 1 | BE35: 3 | BF35: 249 | BG35: 83 | BH35: 73 | BM35: Row 2 | BN35: 3 | BO35: 273 | BP35: 91 | BQ35: 13 | BT35: Standard Error | BU35: 4.1372293 | BV35: Standard Error | BW35: 3.7684362 | BX35: Standard Error | BY35: 3.867385 | CG35: Emp ID | CH35: Name | CI35: Gender | CJ35: Age | CK35: City | CL35: Department | CM35: Role | CN35: Salary | CO35: Experience (Years) | CP35: Performance | CQ35: Joining Year | CR35: Error checking | CS35: First Name | CT35: Second Name | CU35: Address
AQ36: 10 | AR36: Meena | AS36: 19 | AT36: 89 | AU36: 93 | AV36: Female | AW36: 16000 | AX36: 95 | AY36: 0.38194444 | AZ36: 0 | BD36: Row 2 | BE36: 3 | BF36: 273 | BG36: 91 | BH36: 13 | BM36: Row 3 | BN36: 3 | BO36: 223 | BP36: 74.333333 | BQ36: 86.333333 | BT36: Median | BU36: 81.5 | BV36: Median | BW36: 83 | BX36: Median | BY36: 80.5 | CF36: 0 | CG36: E007 | CH36: Sai | CI36: Male | CJ36: 23 | CK36: Chennai | CL36: IT | CM36: Developer | CN36: 42000 | CO36: 1 | CP36: Average | CQ36: 2024 | CR36: =CN36/CO36 -> 42000 | CS36: Rahul | CT36: kumar | CU36: Nandavaram(v),Banaganapalle(m),Nandyal(D)
AF37: Employee_ID | AG37: Name | AH37: Age | AI37: Gender | AJ37: Department | AK37: Job_Role | AL37: Salary | AM37: Experience_Years | AN37: Performance_Rating | AO37: Location | BD37: Row 3 | BE37: 3 | BF37: 223 | BG37: 74.333333 | BH37: 86.333333 | BM37: Row 4 | BN37: 3 | BO37: 284 | BP37: 94.666667 | BQ37: 12.333333 | BT37: Mode | BU37: #N/A | BV37: Mode | BW37: #N/A | BX37: Mode | BY37: #N/A | CF37: 0 | CG37: E001 | CH37: Rahul kumar | CI37: Male | CJ37: 24 | CK37: Hyderabad | CL37: IT | CM37: Developer | CN37: 45000 | CO37: 2 | CP37: Good | CQ37: 2023 | CR37: =CN37/CF37 -> #DIV/0! | CS37: Priya | CT37: mani | CZ37: What-If Analysis | DI37: Rahul Kumar | DJ37: Overall score | DL37: Priya Sharma | DM37: Overall score
AF38: EMP001 | AG38: Rahul Sharma | AH38: 28 | AI38: Male | AJ38: IT | AK38: Data Analyst | AL38: 55000 | AM38: 3 | AN38: 4 | AO38: Hyderabad | BD38: Row 4 | BE38: 3 | BF38: 284 | BG38: 94.666667 | BH38: 12.333333 | BM38: Row 5 | BN38: 3 | BO38: 239 | BP38: 79.666667 | BQ38: 74.333333 | BT38: Standard Deviation | BU38: 13.083068 | BV38: Standard Deviation | BW38: 11.916841 | BX38: Standard Deviation | BY38: 12.229745 | CG38: E014 | CH38: Pooja | CI38: Female | CJ38: 24 | CK38: Mumbai | CL38: HR | CM38: Recruiter | CN38: 44000 | CO38: 2 | CP38: Average | CQ38: 2023 | CR38: =CN38/CO38 -> 22000 | CZ38: Student Name | DA38: Semester 1 Marks | DB38: Semester 2 Marks | DC38: Semester 3 Marks | DD38: Semester 4 Marks | DE38: Capstone | DF38: Overall Score | DI38: Input Marks | DJ38: =DF39 -> 85 | DL38: Input Marks | DM38: =DF40 -> 90
AF39: EMP002 | AG39: Priya Reddy | AH39: 32 | AI39: Female | AJ39: HR | AK39: HR Manager | AL39: 65000 | AM39: 7 | AN39: 5 | AO39: Bangalore | AQ39: CHARTS IN EXCEL | BD39: Row 5 | BE39: 3 | BF39: 239 | BG39: 79.666667 | BH39: 74.333333 | BM39: Row 6 | BN39: 3 | BO39: 264 | BP39: 88 | BQ39: 28 | BT39: Sample Variance | BU39: 171.16667 | BV39: Sample Variance | BW39: 142.01111 | BX39: Sample Variance | BY39: 149.56667 | CG39: E011 | CH39: Rohit | CI39: Male | CJ39: 25 | CK39: Hyderabad | CL39: IT | CM39: Tester | CN39: 46000 | CO39: 2 | CP39: Average | CQ39: 2023 | CR39: =CN39/CO39 -> 23000 | CZ39: Rahul Kumar | DA39: 78 | DB39: 82 | DC39: 80 | DD39: 85 | DE39: 100 | DF39: =AVERAGE(DA39:DE39) -> 85 | DI39: 70 | DJ39: 79 | DL39: 70 | DM39: 85
AF40: EMP003 | AG40: Arjun Kumar | AH40: 26 | AI40: Male | AJ40: Sales | AK40: Sales Executive | AL40: 45000 | AM40: 2 | AN40: 3 | AO40: Chennai | BD40: Row 6 | BE40: 3 | BF40: 264 | BG40: 88 | BH40: 28 | BM40: Row 7 | BN40: 3 | BO40: 198 | BP40: 66 | BQ40: 148 | BT40: Kurtosis | BU40: -0.42524722 | BV40: Kurtosis | BW40: -0.28839458 | BX40: Kurtosis | BY40: -1.1956419 | CG40: E004 | CH40: Sneha reddy | CI40: Female | CJ40: 26 | CK40: Mumbai | CL40: IT | CM40: Tester | CN40: 48000 | CO40: 3 | CP40: Average | CQ40: 2022 | CR40: =CN40/CO40 -> 16000 | CZ40: Priya Sharma | DA40: 88 | DB40: 90 | DC40: 85 | DD40: 92 | DE40: 95 | DF40: =AVERAGE(DA40:DE40) -> 90 | DI40: 75 | DJ40: 80 | DL40: 75 | DM40: 86
AF41: EMP004 | AG41: Sneha Patel | AH41: 35 | AI41: Female | AJ41: Finance | AK41: Financial Analyst | AL41: 70000 | AM41: 9 | AN41: 5 | AO41: Mumbai | AQ41: ID | AR41: Name | AS41: Gender | AT41: Age | AU41: City | AV41: Maths | AW41: Science | AX41: English | AY41: Attendance (%) | AZ41: Performance | BD41: Row 7 | BE41: 3 | BF41: 198 | BG41: 66 | BH41: 148 | BM41: Row 8 | BN41: 3 | BO41: 279 | BP41: 93 | BQ41: 16 | BT41: Skewness | BU41: -0.61791515 | BV41: Skewness | BW41: -0.49944143 | BX41: Skewness | BY41: -0.39201007 | CG41: E019 | CH41: Teja | CI41: Male | CJ41: 26 | CK41: Mumbai | CL41: IT | CM41: Developer | CN41: 47000 | CO41: 3 | CP41: Average | CQ41: 2022 | CR41: =CN41/CO41 -> 15666.667 | CZ41: Arjun Reddy | DA41: 72 | DB41: 75 | DC41: 78 | DD41: 80 | DE41: 95 | DF41: =AVERAGE(DA41:DE41) -> 80 | DI41: 80 | DJ41: 81 | DL41: 80 | DM41: 87
AF42: EMP005 | AG42: Vikram Singh | AH42: 30 | AI42: Male | AJ42: IT | AK42: Software Engineer | AL42: 60000 | AM42: 5 | AN42: 4 | AO42: Pune | AQ42: 1 | AR42: Rahul | AS42: Male | AT42: 18 | AU42: Guntur | AV42: 85 | AW42: 90 | AX42: 88 | AY42: 92 | AZ42: Excellent | BD42: Row 8 | BE42: 3 | BF42: 279 | BG42: 93 | BH42: 16 | BM42: Row 9 | BN42: 3 | BO42: 233 | BP42: 77.666667 | BQ42: 86.333333 | BT42: Range | BU42: 41 | BV42: Range | BW42: 38 | BX42: Range | BY42: 36 | CG42: E009 | CH42: Vikas | CI42: Male | CJ42: 27 | CK42: Mumbai | CL42: HR | CM42: Executive | CN42: 50000 | CO42: 4 | CP42: Good | CQ42: 2021 | CR42: =CN42/CO42 -> 12500 | CZ42: Sneha Patel | DA42: 91 | DB42: 89 | DC42: 93 | DD42: 95 | DE42: 122 | DF42: =AVERAGE(DA42:DE42) -> 98 | DI42: 85 | DJ42: 82 | DL42: 85 | DM42: 88
AF43: EMP006 | AG43: Ananya Rao | AH43: 27 | AI43: Female | AJ43: Marketing | AK43: Marketing Specialist | AL43: 50000 | AM43: 3 | AN43: 4 | AO43: Hyderabad | AQ43: 2 | AR43: Priya | AS43: Female | AT43: 19 | AU43: Vijayawada | AV43: 78 | AW43: 88 | AX43: 84 | AY43: 89 | AZ43: Good | BD43: Row 9 | BE43: 3 | BF43: 233 | BG43: 77.666667 | BH43: 86.333333 | BM43: Row 10 | BN43: 3 | BO43: 291 | BP43: 97 | BQ43: 7 | BT43: Minimum | BU43: 55 | BV43: Minimum | BW43: 60 | BX43: Minimum | BY43: 58 | CG43: E016 | CH43: Swathi | CI43: Female | CJ43: 27 | CK43: Hyderabad | CL43: IT | CM43: Developer | CN43: 51000 | CO43: 4 | CP43: Good | CQ43: 2021 | CR43: =CN43/CO43 -> 12750 | CZ43: Kiran Verma | DA43: 65 | DB43: 70 | DC43: 68 | DD43: 72 | DE43: 175 | DF43: =AVERAGE(DA43:DE43) -> 90 | DI43: 90 | DJ43: 83 | DL43: 90 | DM43: 89
AF44: EMP007 | AG44: Kiran Verma | AH44: 40 | AI44: Male | AJ44: Operations | AK44: Operations Manager | AL44: 85000 | AM44: 15 | AN44: 5 | AO44: Delhi | AQ44: 3 | AR44: Arjun | AS44: Male | AT44: 20 | AU44: Hyderabad | AV44: 92 | AW44: 95 | AX44: 91 | AY44: 96 | AZ44: Excellent | BD44: Row 10 | BE44: 3 | BF44: 291 | BG44: 97 | BH44: 7 | BT44: Maximum | BU44: 96 | BV44: Maximum | BW44: 98 | BX44: Maximum | BY44: 94 | CG44: E002 | CH44: Priya mani | CI44: Female | CJ44: 28 | CK44: Chennai | CL44: HR | CM44: Recruiter | CN44: 52000 | CO44: 5 | CP44: Excellent | CQ44: 2020 | CR44: =CN44/CF44 -> #DIV/0! | DI44: 95 | DJ44: 84 | DL44: 95 | DM44: 90
AF45: EMP008 | AG45: Neha Gupta | AH45: 29 | AI45: Female | AJ45: IT | AK45: Data Engineer | AL45: 62000 | AM45: 4 | AN45: 4 | AO45: Bangalore | AQ45: 4 | AR45: Sneha | AS45: Female | AT45: 18 | AU45: Guntur | AV45: 81 | AW45: 84 | AX45: 79 | AY45: 91 | AZ45: Good | BM45: Column 1 | BN45: 10 | BO45: 823 | BP45: 82.3 | BQ45: 142.01111 | BT45: Sum | BU45: 795 | BV45: Sum | BW45: 823 | BX45: Sum | BY45: 793 | CG45: E020 | CH45: Nisha | CI45: Female | CJ45: 28 | CK45: Pune | CL45: Finance | CM45: Analyst | CN45: 62000 | CO45: 6 | CP45: Excellent | CQ45: 2019 | CR45: =CN45/CO45 -> 10333.333 | CZ45: Date | DA45: Voucher Type | DB45: Voucher NO | DC45: State | DD45: courses | DE45: Quantity | DN45: Relative Analysis
AF46: EMP009 | AG46: Rohit Mehta | AH46: 31 | AI46: Male | AJ46: Sales | AK46: Sales Manager | AL46: 75000 | AM46: 8 | AN46: 5 | AO46: Chennai | AQ46: 5 | AR46: Kiran | AS46: Male | AT46: 21 | AU46: Visakhapatnam | AV46: 75 | AW46: 80 | AX46: 77 | AY46: 86 | AZ46: Average | BD46: Column 1 | BE46: 10 | BF46: 823 | BG46: 82.3 | BH46: 142.01111 | BM46: Column 2 | BN46: 10 | BO46: 793 | BP46: 79.3 | BQ46: 149.56667 | BT46: Count | BU46: 10 | BV46: Count | BW46: 10 | BX46: Count | BY46: 10 | CG46: E006 | CH46: Divya | CI46: Female | CJ46: 29 | CK46: Hyderabad | CL46: Marketing | CM46: Executive | CN46: 55000 | CO46: 6 | CP46: Good | CQ46: 2019 | CR46: =CN46/CO46 -> 9166.6667 | CT46: Macros and Automation | CZ46: 46181 | DA46: Sales | DB46: Lmp/345 | DC46: Andhra Pradesh | DD46: MS-Office | DE46: 57 | DI46: Course Name | DJ46: Count | DK46: Sales ($) | DL46: Quantity | DN46: DATE | DO46: V.TYPE | DP46: V.NO | DQ46: STATE | DR46: COURSES | DS46: QUANTITY
AF47: EMP010 | AG47: Pooja Nair | AH47: 25 | AI47: Female | AJ47: Customer Support | AK47: Support Executive | AL47: 40000 | AM47: 1 | AN47: 3 | AO47: Kochi | AQ47: 6 | AR47: Divya | AS47: Female | AT47: 19 | AU47: Tirupati | AV47: 88 | AW47: 91 | AX47: 89 | AY47: 94 | AZ47: Excellent | BD47: Column 2 | BE47: 10 | BF47: 793 | BG47: 79.3 | BH47: 149.56667 | BM47: Column 3 | BN47: 10 | BO47: 917 | BP47: 91.7 | BQ47: 37.788889 | CG47: E013 | CH47: Ajay | CI47: Male | CJ47: 29 | CK47: Bangalore | CL47: Sales | CM47: Executive | CN47: 56000 | CO47: 5 | CP47: Good | CQ47: 2020 | CR47: =CN47/CO47 -> 11200 | CZ47: 46182 | DA47: Sales | DB47: Lmp/346 | DC47: Tamilnadu | DD47: Tally Prime | DE47: 89 | DI47: Python Basics | DJ47: 45 | DK47: 22500 | DL47: 45 | DN47: 46174 | DO47: SALES | DP47: LMP/35 | DQ47: AP | DR47: PYTHON | DS47: 35
AQ48: 7 | AR48: Vikram | AS48: Male | AT48: 20 | AU48: Nellore | AV48: 67 | AW48: 72 | AX48: 70 | AY48: 82 | AZ48: Average | BD48: Column 3 | BE48: 10 | BF48: 917 | BG48: 91.7 | BH48: 37.788889 | CG48: E010 | CH48: Kavya | CI48: Female | CJ48: 30 | CK48: Pune | CL48: Sales | CM48: Executive | CN48: 58000 | CO48: 7 | CP48: Good | CQ48: 2018 | CR48: =CN48/CO48 -> 8285.7143 | CZ48: 46183 | DA48: Sales | DB48: Lmp/347 | DC48: kerala | DD48: Ms Excel | DE48: 78 | DI48: Data Analytics | DJ48: 30 | DK48: 30000 | DL48: 30 | DO48: MPL
AQ49: 8 | AR49: Anjali | AS49: Female | AT49: 18 | AU49: Kakinada | AV49: 95 | AW49: 98 | AX49: 96 | AY49: 98 | AZ49: Excellent | CG49: E003 | CH49: Arjun Rao | CI49: Male | CJ49: 31 | CK49: Bangalore | CL49: Finance | CM49: Analyst | CN49: 60000 | CO49: 7 | CP49: Good | CQ49: 2018 | CR49: =CN49/CO49 -> 8571.4286 | CZ49: 46184 | DA49: Sales | DB49: Lmp/348 | DC49: Maharsatra | DD49: DA | DE49: 60 | DI49: Excel Advanced | DJ49: 50 | DK49: 20000 | DL49: 50 | DO49: 517326
AQ50: 9 | AR50: Rohan | AS50: Male | AT50: 22 | AU50: Ongole | AV50: 73 | AW50: 77 | AX50: 75 | AY50: 87 | AZ50: Average | BM50: ANOVA | CG50: E018 | CH50: Harika | CI50: Female | CJ50: 31 | CK50: Bangalore | CL50: Marketing | CM50: Executive | CN50: 59000 | CO50: 7 | CP50: Good | CQ50: 2018 | CR50: =CN50/CO50 -> 8428.5714 | DI50: SQL Fundamentals | DJ50: 40 | DK50: 24000 | DL50: 40 | DN50: 46175 | DO50: SALES | DP50: LMP/36 | DQ50: TG | DR50: PYTHON | DS50: 89
AF51: VLOOKUP | AG51: HLOOKUP | AH51: Column1 | AI51: MATCH | AJ51: Column2 | AK51: Column3 | AL51: INDEX | AM51: Column4 | AN51: Column5 | AO51: XLOOKUP | AQ51: 10 | AR51: Meena | AS51: Female | AT51: 19 | AU51: Rajahmundry | AV51: 89 | AW51: 93 | AX51: 90 | AY51: 95 | AZ51: Excellent | BD51: ANOVA | BM51: Source of Variation | BN51: SS | BO51: df | BP51: MS | BQ51: F | BR51: P-value | BS51: F crit | CG51: E008 | CH51: Anjali | CI51: Female | CJ51: 32 | CK51: Bangalore | CL51: Finance | CM51: Manager | CN51: 78000 | CO51: 9 | CP51: Excellent | CQ51: 2016 | CR51: =CN51/CO51 -> 8666.6667 | CZ51: Absolute Reference Macros | DI51: Power BI | DJ51: 35 | DK51: 28000 | DL51: 35 | DO51: MPL
A52: LOGICAL AND ERROR FUNCTIONS | AF52: =VLOOKUP(AH42,AH38:AO47,8,0) -> Pune | AG52: =HLOOKUP(AH61,AF61:AP66,6,0) -> Bangalore | AI52: =MATCH(AK38,AK38:AK47,0) -> 1 | AK52: Rohit Mehta | AL52: =INDEX(AG38:AO47,9,6) -> 75000 | AO52: =_xlfn.XLOOKUP(AG38,AG38:AG47,AL38:AL47) -> 55000 | BD52: Source of Variation | BE52: SS | BF52: df | BG52: MS | BH52: F | BI52: P-value | BJ52: F crit | BM52: Rows | BN52: 2712.7 | BO52: 9 | BP52: 301.41111 | BQ52: 21.563593 | BR52: 7.0172456e-08 | BS52: 2.4562811 | CG52: E015 | CH52: Naveen | CI52: Male | CJ52: 33 | CK52: Pune | CL52: Finance | CM52: Analyst | CN52: 65000 | CO52: 8 | CP52: Excellent | CQ52: 2017 | CR52: =CN52/CO52 -> 8125 | DI52: Java Programming | DJ52: 25 | DK52: 18750 | DL52: 25 | DO52: 517326
AF53: =VLOOKUP(AH46,AH37:AM47,6,0) -> 8 | AG53: =HLOOKUP(AG62,AF62:AP66,5,0) -> Hyderabad | AI53: =MATCH(AK42,AK38:AK47,0) -> 5 | AK53: Priya Reddy | AL53: =INDEX(AG38:AO47,2,4) -> HR | AO53: =_xlfn.XLOOKUP(AG39,AG38:AG47,AO38:AO47) -> Bangalore | BD53: Rows | BE53: 2712.7 | BF53: 9 | BG53: 301.41111 | BH53: 21.563593 | BI53: 7.0172456e-08 | BJ53: 2.4562811 | BM53: Columns | BN53: 837.06667 | BO53: 2 | BP53: 418.53333 | BQ53: 29.942766 | BR53: 1.8807947e-06 | BS53: 3.5545571 | CG53: E012 | CH53: Meena | CI53: Female | CJ53: 34 | CK53: Chennai | CL53: Marketing | CM53: Manager | CN53: 72000 | CO53: 11 | CP53: Excellent | CQ53: 2014 | CR53: =CN53/CO53 -> 6545.4545 | CZ53: course Name | DA53: Count | DB53: sum | DI53: Web Development | DJ53: 20 | DK53: 18000 | DL53: 20 | DN53: 46176 | DO53: SALES | DP53: LMP/37 | DQ53: MH | DR53: PYTHON | DS53: 76
A54: Employee_ID | B54: Name | C54: Age | D54: Gender | E54: Department | F54: Job_Role | G54: Salary | H54: Experience_Years | I54: Performance_Rating | J54: Location | K54: Age status | L54: age_bins | M54: AND | N54: OR | O54: NOT | P54: XOR | Q54: ERROR | R54: ISBLANK | S54: ISNUMBER | AG54: =HLOOKUP(AH58,AG58:AP66,3,0) -> Female | AI54: =MATCH(AJ44,AJ38:AJ47,0) -> 7 | AK54: Rahul Sharma | AL54: =INDEX(AG38:AO47,1,4) -> IT | BD54: Columns | BE54: 837.06667 | BF54: 2 | BG54: 418.53333 | BH54: 29.942766 | BI54: 1.8807947e-06 | BJ54: 3.5545571 | BM54: Error | BN54: 251.6 | BO54: 18 | BP54: 13.977778 | CG54: E005 | CH54: Kiran kumar | CI54: Male | CJ54: 35 | CK54: Pune | CL54: Sales | CM54: Manager | CN54: 75000 | CO54: 10 | CP54: Excellent | CQ54: 2015 | CR54: =CN54/CO54 -> 7500 | CZ54: Python Basics | DA54: =COUNTIF(DI47:DI56,CZ54) -> 1 | DB54: =SUMIF(DI47:DI56,DI47,DJ47:DJ56) -> 45 | DI54: Machine Learning | DJ54: 15 | DK54: 22500 | DL54: 15 | DO54: MPL
A55: EMP001 | B55: Rahul Sharma | C55: 28 | D55: Male | E55: IT | F55: Data Analyst | G55: 55000 | H55: 3 | I55: 4 | J55: Hyderabad | K55: =IF(C55>25,"ABOVE 25","BELOW 25") -> ABOVE 25 | L55: =IF(G55<=55000,"50000-55000",IF(G55<=40000,"40000-50000",IF(G55<5500,"55000-59000",IF(G55<=60000,"60000-70000",IF(G55<=70000,"70000-86000"))))) -> 50000-55000 | M55: =AND(C55>25,H55>2) -> TRUE | N55: =OR(C55>25,H55>2) -> TRUE | O55: =NOT(G55>60000) -> TRUE | P55: =_xlfn.XOR(C55>25,G55>50000) -> FALSE | Q55: =C55/0 -> #DIV/0! | R55: =ISBLANK(I55) -> FALSE | S55: =ISNUMBER(I55) -> TRUE | AG55: =HLOOKUP(AG58,AG58:AP66,4,AD560) -> IT | AK55: Neha Gupta | BD55: Error | BE55: 251.6 | BF55: 18 | BG55: 13.977778 | CG55: E017 | CH55: Varun | CI55: Male | CJ55: 36 | CK55: Chennai | CL55: Sales | CM55: Manager | CN55: 80000 | CO55: 12 | CP55: Excellent | CQ55: 2013 | CR55: =CN55/CO55 -> 6666.6667 | CZ55: Data Analytics | DA55: =COUNTIF(DI48:DI57,CZ55) -> 1 | DB55: =SUMIF(DI47:DI56,DI48,DJ47:DJ56) -> 30 | DI55: Digital Marketing | DJ55: 55 | DK55: 27500 | DL55: 55 | DO55: 517326
A56: EMP002 | B56: Priya Reddy | C56: 32 | D56: Female | E56: HR | F56: HR Manager | G56: 65000 | H56: 7 | I56: 5 | J56: Bangalore | K56: =IF(C56>25,"ABOVE 25","BELOW 25") -> ABOVE 25 | L56: =IF(G56<=55000,"50000-55000",IF(G56<=40000,"40000-50000",IF(G56<5500,"55000-59000",IF(G56<=60000,"60000-70000",IF(G56<=70000,"70000-80000",IF(G56<=80000,"80000-90000")))))) -> 70000-80000 | M56: =AND(C56<30,H56<6) -> FALSE | N56: =OR(C56>30,G56>85000) -> TRUE | O56: =NOT(G56>60000) -> FALSE | P56: =_xlfn.XOR(C56>30,G56>75000) -> TRUE | Q56: =D56+10 -> #VALUE! | R56: =ISBLANK(I56) -> FALSE | S56: =ISNUMBER(I56) -> TRUE | BM56: Total | BN56: 3801.3667 | BO56: 29 | CZ56: Power BI | DA56: =COUNTIF(DI49:DI58,CZ56) -> 1 | DB56: =SUMIF(DI47:DI56,DI51,DJ47:DJ56) -> 35 | DI56: Cloud Computing | DJ56: 18 | DK56: 21600 | DL56: 18 | DN56: 46177 | DO56: SALES | DP56: LMP/38 | DQ56: AP | DR56: PYTHON | DS56: 56
A57: EMP003 | B57: Arjun Kumar | C57: 26 | D57: Male | E57: Sales | F57: Sales Executive | G57: 45000 | H57: 2 | I57: 3 | J57: Chennai | K57: =IF(C57>25,"ABOVE 25","BELOW 25") -> ABOVE 25 | L57: =IF(G57<=55000,"50000-55000",IF(G57<=40000,"40000-50000",IF(G57<5500,"55000-59000",IF(G57<=60000,"60000-70000",IF(G57<=70000,"70000-80000",IF(G57<=80000,"80000-90000")))))) -> 50000-55000 | M57: =AND(C57<30,H57<6) -> TRUE | N57: =OR(C57>35,H57>3) -> FALSE | O57: =NOT(G57>60000) -> TRUE | P57: =_xlfn.XOR(C57>25,G57>40000) -> FALSE | Q57: =SQRT(-C57) -> #NUM! | R57: =ISBLANK(I57) -> FALSE | S57: =ISNUMBER(I57) -> TRUE | AF57: Employee_ID | AG57: EMP001 | AH57: EMP002 | AI57: EMP003 | AJ57: EMP004 | AK57: EMP005 | AL57: EMP006 | AM57: EMP007 | AN57: EMP008 | AO57: EMP009 | AP57: EMP010 | BD57: Total | BE57: 3801.3667 | BF57: 29 | CZ57: Excel Advanced | DA57: =COUNTIF(DI47:DI56,CZ57) -> 1 | DB57: =SUMIF(DI47:DI56,DI49,DJ47:DJ56) -> 50 | DN57: 46178 | DO57: SALES | DP57: LMP/39 | DQ57: AP | DR57: DA | DS57: 79
A58: EMP004 | B58: Sneha Patel | C58: 35 | D58: Female | E58: Finance | F58: Financial Analyst | G58: 70000 | H58: 9 | I58: 5 | J58: Mumbai | K58: =IF(C58>25,"ABOVE 25","BELOW 25") -> ABOVE 25 | L58: =IF(G58<=55000,"50000-55000",IF(G58<=40000,"40000-50000",IF(G58<5500,"55000-59000",IF(G58<=60000,"60000-70000",IF(G58<=70000,"70000-80000",IF(G58<=80000,"80000-90000")))))) -> 70000-80000 | M58: =AND(C58<30,H58<6) -> FALSE | N58: =OR(C58>35,H58>3) -> TRUE | O58: =NOT(G58>60000) -> FALSE | P58: =_xlfn.XOR(C58<25,G58<10000) -> FALSE | Q58: =E58+10 -> #VALUE! | R58: =ISBLANK(I58) -> FALSE | S58: =ISNUMBER(I58) -> TRUE | AF58: Name | AG58: Rahul Sharma | AH58: Priya Reddy | AI58: Arjun Kumar | AJ58: Sneha Patel | AK58: Vikram Singh | AL58: Ananya Rao | AM58: Kiran Verma | AN58: Neha Gupta | AO58: Rohit Mehta | AP58: Pooja Nair | CZ58: SQL Fundamentals | DA58: =COUNTIF(DI47:DI56,CZ58) -> 1 | DB58: =SUMIF(DI47:DI56,DI50,DJ47:DJ56) -> 40 | DN58: 46179 | DO58: SALES | DP58: LMP/40 | DQ58: AP | DR58: DA | DS58: 60
A59: EMP005 | B59: Vikram Singh | C59: 30 | D59: Male | E59: IT | F59: Software Engineer | G59: 60000 | H59: 5 | I59: 4 | J59: Pune | K59: =IF(C59>25,"ABOVE 25","BELOW 25") -> ABOVE 25 | L59: =IF(G59<=55000,"50000-55000",IF(G59<=40000,"40000-50000",IF(G59<5500,"55000-59000",IF(G59<=60000,"60000-70000",IF(G59<=70000,"70000-80000",IF(G59<=80000,"80000-90000")))))) -> 60000-70000 | M59: =AND(C59<30,H59<6) -> FALSE | N59: =OR(C59>35,H59>3) -> TRUE | O59: =NOT(G59>60000) -> TRUE | P59: =_xlfn.XOR(C59<25,G59<10000) -> FALSE | Q59: {=summ(D55:D64)} -> #NAME? | R59: =ISBLANK(I59) -> FALSE | S59: =ISNUMBER(I59) -> TRUE | AF59: Age | AG59: 28 | AH59: 32 | AI59: 26 | AJ59: 35 | AK59: 30 | AL59: 27 | AM59: 40 | AN59: 29 | AO59: 31 | AP59: 25 | DN59: 46180 | DO59: SALES | DP59: LMP/41 | DQ59: AP | DR59: DA | DS59: 79
A60: EMP006 | B60: Ananya Rao | C60: 27 | D60: Female | E60: Marketing | F60: Marketing Specialist | G60: 50000 | H60: 3 | I60: 4 | J60: Hyderabad | K60: =IF(C60>25,"ABOVE 25","BELOW 25") -> ABOVE 25 | L60: =IF(G60<=55000,"50000-55000",IF(G60<=40000,"40000-50000",IF(G60<5500,"55000-59000",IF(G60<=60000,"60000-70000",IF(G60<=70000,"70000-80000",IF(G60<=80000,"80000-90000")))))) -> 50000-55000 | M60: =AND(C60<30,H60<6) -> TRUE | N60: =OR(C60>35,H60>3) -> FALSE | O60: =NOT(G60>60000) -> TRUE | P60: =_xlfn.XOR(C60<25,G60<10000) -> FALSE | Q60: {=summ(C55:C64)} -> #NAME? | R60: =ISBLANK(I60) -> FALSE | S60: =ISNUMBER(I60) -> TRUE | AF60: Gender | AG60: Male | AH60: Female | AI60: Male | AJ60: Female | AK60: Male | AL60: Female | AM60: Male | AN60: Female | AO60: Male | AP60: Female | DN60: 46181 | DO60: SALES | DP60: LMP/42 | DQ60: TS | DR60: DA | DS60: 69
A61: EMP007 | B61: Kiran Verma | C61: 40 | D61: Male | E61: Operations | F61: Operations Manager | G61: 85000 | H61: 15 | I61: 5 | J61: Delhi | K61: =IF(C61>25,"ABOVE 25","BELOW 25") -> ABOVE 25 | L61: {=_xlfn.IFS(G60<50000,"40000-50000",G60<60000,"50000-60000",G60<70000,"60000-70000",G60<80000,"70000-80000",G60<90000,"80000-90000")} -> 50000-60000 | M61: =AND(C61<30,H61<6) -> FALSE | N61: =OR(C61>35,H61>3) -> TRUE | O61: =NOT(G61>60000) -> FALSE | P61: =_xlfn.XOR(C61<25,G61<10000) -> FALSE | R61: =ISBLANK(I61) -> FALSE | S61: =ISNUMBER(I61) -> TRUE | AF61: Department | AG61: IT | AH61: HR | AI61: Sales | AJ61: Finance | AK61: IT | AL61: Marketing | AM61: Operations | AN61: IT | AO61: Sales | AP61: Customer Support | DN61: 46182 | DO61: SALES | DP61: LMP/43 | DQ61: TS | DR61: JAVA | DS61: 68
A62: EMP008 | B62: Neha Gupta | C62: 29 | D62: Female | E62: IT | F62: Data Engineer | G62: 62000 | H62: 4 | I62: 4 | J62: Bangalore | K62: =IF(C62>25,"ABOVE 25","BELOW 25") -> ABOVE 25 | L62: {=_xlfn.IFS(G61<50000,"40000-50000",G61<60000,"50000-60000",G61<70000,"60000-70000",G61<80000,"70000-80000",G61<90000,"80000-90000")} -> 80000-90000 | M62: =AND(C62<30,H62<6) -> TRUE | N62: =OR(C62>35,H62>3) -> TRUE | O62: =NOT(G62>60000) -> FALSE | P62: =_xlfn.XOR(C62<25,G62<10000) -> FALSE | R62: =ISBLANK(I62) -> FALSE | S62: =ISNUMBER(I62) -> TRUE | AF62: Job_Role | AG62: Data Analyst | AH62: HR Manager | AI62: Sales Executive | AJ62: Financial Analyst | AK62: Software Engineer | AL62: Marketing Specialist | AM62: Operations Manager | AN62: Data Engineer | AO62: Sales Manager | AP62: Support Executive | DN62: 46183 | DO62: SALES | DP62: LMP/44 | DQ62: MH | DR62: JAVA | DS62: 90
A63: EMP009 | B63: Rohit Mehta | C63: 31 | D63: Male | E63: Sales | F63: Sales Manager | G63: 75000 | H63: 8 | I63: 5 | J63: Chennai | K63: =IF(C63>25,"ABOVE 25","BELOW 25") -> ABOVE 25 | L63: {=_xlfn.IFS(G62<50000,"40000-50000",G62<60000,"50000-60000",G62<70000,"60000-70000",G62<80000,"70000-80000",G62<90000,"80000-90000")} -> 60000-70000 | M63: =AND(C63<30,H63<6) -> FALSE | N63: =OR(C63>35,H63>3) -> TRUE | O63: =NOT(G63>60000) -> FALSE | P63: =_xlfn.XOR(C63<25,G63<10000) -> FALSE | R63: =ISBLANK(I63) -> FALSE | S63: =ISNUMBER(I63) -> TRUE | AF63: Salary | AG63: 55000 | AH63: 65000 | AI63: 45000 | AJ63: 70000 | AK63: 60000 | AL63: 50000 | AM63: 85000 | AN63: 62000 | AO63: 75000 | AP63: 40000 | BQ63: Anova: Single Factor | DN63: 46184 | DO63: SALES | DP63: LMP/45 | DQ63: MH | DR63: JAVA | DS63: 78
A64: EMP010 | B64: Pooja Nair | C64: 25 | D64: Female | E64: Customer Support | F64: Support Executive | G64: 40000 | H64: 1 | I64: 3 | J64: Kochi | K64: =IF(C64>25,"ABOVE 25","BELOW 25") -> BELOW 25 | L64: {=_xlfn.IFS(G63<50000,"40000-50000",G63<60000,"50000-60000",G63<70000,"60000-70000",G63<80000,"70000-80000",G63<90000,"80000-90000")} -> 70000-80000 | M64: =AND(C64<30,H64<6) -> TRUE | N64: =OR(C64>35,H64>3) -> FALSE | O64: =NOT(G64>60000) -> TRUE | P64: =_xlfn.XOR(C64<25,G64<10000) -> FALSE | R64: =ISBLANK(I64) -> FALSE | S64: =ISNUMBER(I64) -> TRUE | AF64: Experience_Years | AG64: 3 | AH64: 7 | AI64: 2 | AJ64: 9 | AK64: 5 | AL64: 3 | AM64: 15 | AN64: 4 | AO64: 8 | AP64: 1
AF65: Performance_Rating | AG65: 4 | AH65: 5 | AI65: 3 | AJ65: 5 | AK65: 4 | AL65: 4 | AM65: 5 | AN65: 4 | AO65: 5 | AP65: 3 | BF65: Employee ID | BG65: Department | BH65: Gender | BI65: Age | BJ65: Experience | BK65: Salary | BL65: Performance Score | BM65: Q1 Sales | BN65: Q2 Sales | BO65: Q3 Sales | BQ65: SUMMARY
AF66: Location | AG66: Hyderabad | AH66: Bangalore | AI66: Chennai | AJ66: Mumbai | AK66: Pune | AL66: Hyderabad | AM66: Delhi | AN66: Bangalore | AO66: Chennai | AP66: Kochi | BF66: 1 | BG66: HR | BH66: Male | BI66: 24 | BJ66: 2 | BK66: 28000 | BL66: 70 | BM66: 120 | BN66: 130 | BO66: 125 | BQ66: Groups | BR66: Count | BS66: Sum | BT66: Average | BU66: Variance
BF67: 2 | BG67: HR | BH67: Female | BI67: 26 | BJ67: 3 | BK67: 32000 | BL67: 75 | BM67: 135 | BN67: 140 | BO67: 138 | BQ67: Column 1 | BR67: 10 | BS67: 1520 | BT67: 152 | BU67: 317.77778
A68: STATISTICAL FUNCTIONS | J68: IMAGES IN EXCEL | BF68: 3 | BG68: HR | BH68: Male | BI68: 28 | BJ68: 4 | BK68: 36000 | BL68: 78 | BM68: 145 | BN68: 150 | BO68: 148 | BQ68: Column 2 | BR68: 10 | BS68: 1575 | BT68: 157.5 | BU68: 284.72222 | BX68: HR Q1 | BY68: HR Q2 | BZ68: HR Q3 | CA68: Sales Q1 | CB68: Sales Q2 | CC68: Sales Q3
A69: MEAN | B69: 0 | C69: Column1 | D69: Column2 | E69: Column3 | F69: Column5 | G69: Column6 | BF69: 4 | BG69: HR | BH69: Female | BI69: 30 | BJ69: 5 | BK69: 40000 | BL69: 82 | BM69: 155 | BN69: 160 | BO69: 158 | BQ69: Column 3 | BR69: 10 | BS69: 1547 | BT69: 154.7 | BU69: 295.56667 | BX69: 120 | BY69: 130 | BZ69: 125 | CA69: 140 | CB69: 145 | CC69: 142
A70: MODE | B70: =MODE(Table824[Salary]) -> #N/A | D70: COUNT A | E70: =COUNTA(#REF!) -> 1 | F70: =COUNTA(#REF!,#REF!) -> 2 | J70: COMPANY | K70: LOGO | L70: SALES | AK70: 10 | AN70: 0-10 | AO70: 0-10 | AP70: 44105 | BF70: 5 | BG70: HR | BH70: Male | BI70: 32 | BJ70: 6 | BK70: 45000 | BL70: 85 | BM70: 165 | BN70: 170 | BO70: 168 | BX70: 135 | BY70: 140 | BZ70: 138 | CA70: 150 | CB70: 155 | CC70: 152
A71: MEDIAN | D71: COUNT BLANK | E71: =COUNTBLANK(J56:J72) -> 4 | F71: =COUNTBLANK(H56:H67) -> 3 | J71: AMAZON | L71: 160000 | AN71: 44105 | AO71: 20-30 | BF71: 6 | BG71: Sales | BH71: Female | BI71: 25 | BJ71: 2 | BK71: 30000 | BL71: 72 | BM71: 140 | BN71: 145 | BO71: 142 | BX71: 145 | BY71: 150 | BZ71: 148 | CA71: 160 | CB71: 165 | CC71: 162
A72: STD DEVATION | B72: =MEDIAN(#REF!) -> #REF! | D72: COUNT IF | E72: =COUNTIF(#REF!,I63) -> #REF! | F72: =COUNTIF(#REF!,I57) -> #REF! | G72: =COUNTIF(#REF!,">9") -> #REF! | J72: NETFLIX | L72: 230000 | AO72: 44105 | BF72: 7 | BG72: Sales | BH72: Male | BI72: 27 | BJ72: 3 | BK72: 34000 | BL72: 76 | BM72: 150 | BN72: 155 | BO72: 152 | BQ72: ANOVA | BX72: 155 | BY72: 160 | BZ72: 158 | CA72: 170 | CB72: 175 | CC72: 172
A73: CORRELATION | B73: =STDEV(#REF!) -> #REF! | D73: COUNT IFS | E73: =COUNTIFS(#REF!,I63,#REF!,C63,#REF!,D63) -> #REF! | F73: =COUNTIFS(#REF!,">=70000",#REF!,"Male",#REF!,"Delhi") -> #REF! | G73: =COUNTIFS(#REF!,I61,#REF!,C56) -> #REF! | J73: GOOGLE | L73: 190000 | BF73: 8 | BG73: Sales | BH73: Female | BI73: 29 | BJ73: 4 | BK73: 39000 | BL73: 80 | BM73: 160 | BN73: 165 | BO73: 162 | BQ73: Source of Variation | BR73: SS | BS73: df | BT73: MS | BU73: F | BV73: P-value | BW73: F crit | BX73: 165 | BY73: 170 | BZ73: 168 | CA73: 180 | CB73: 185 | CC73: 182
A74: VARIANCE | B74: =CORREL(#REF!,#REF!) -> #REF! | BF74: 9 | BG74: Sales | BH74: Male | BI74: 31 | BJ74: 5 | BK74: 44000 | BL74: 84 | BM74: 170 | BN74: 175 | BO74: 172 | BQ74: Between Groups | BR74: 151.26667 | BS74: 2 | BT74: 75.633333 | BU74: 0.25265385 | BV74: 0.7785526 | BW74: 3.3541308
A75: STD DEV.S | B75: =VAR(#REF!,#REF!) -> #REF! | BF75: 10 | BG75: Sales | BH75: Female | BI75: 33 | BJ75: 6 | BK75: 49000 | BL75: 88 | BM75: 180 | BN75: 185 | BO75: 182 | BQ75: Within Groups | BR75: 8082.6 | BS75: 27 | BT75: 299.35556
A76: VAR.S | B76: =_xlfn.STDEV.S(#REF!,#REF!) -> #REF!
B77: =_xlfn.VAR.S(#REF!) -> #REF! | BQ77: Total | BR77: 8233.8667 | BS77: 29 | BY77: Anova: Two-Factor Without Replication
BF78: F-Test Two-Sample for Variances | BJ78: t-Test: Two-Sample Assuming Unequal Variances
BY79: SUMMARY | BZ79: Count | CA79: Sum | CB79: Average | CC79: Variance
BG80: Q1 Sales | BH80: Q2 Sales | BK80: 120 | BL80: 130 | BQ80: Anova: Two-Factor With Replication | BY80: 120 | BZ80: 5 | CA80: 682 | CB80: 136.4 | CC80: 72.3
BF81: Mean | BG81: 152 | BH81: 157.5 | BJ81: Mean | BK81: 155.55556 | BL81: 160.55556 | BY81: 135 | BZ81: 5 | CA81: 735 | CB81: 147 | CC81: 57
BF82: Variance | BG82: 317.77778 | BH82: 284.72222 | BJ82: Variance | BK82: 215.27778 | BL82: 215.27778 | BQ82: SUMMARY | BR82: Q2 Sales | BS82: Q3 Sales | BT82: Total | BY82: 145 | BZ82: 5 | CA82: 785 | CB82: 157 | CC82: 57
BF83: Observations | BG83: 10 | BH83: 10 | BJ83: Observations | BK83: 9 | BL83: 9 | BQ83: 120 | BY83: 155 | BZ83: 5 | CA83: 835 | CB83: 167 | CC83: 57
BF84: df | BG84: 9 | BH84: 9 | BJ84: Hypothesized Mean Difference | BK84: 0 | BQ84: Count | BR84: 10 | BS84: 10 | BT84: 20 | BY84: 165 | BZ84: 5 | CA84: 885 | CB84: 177 | CC84: 57
BF85: F | BG85: 1.1160976 | BJ85: df | BK85: 16 | BQ85: Sum | BR85: 1575 | BS85: 1547 | BT85: 3122
BF86: P(F<=f) one-tail | BG86: 0.43635635 | BJ86: t Stat | BK86: -0.7228974 | BQ86: Average | BR86: 157.5 | BS86: 154.7 | BT86: 156.1 | BY86: HR Q2 | BZ86: 5 | CA86: 750 | CB86: 150 | CC86: 250
BF87: F Critical one-tail | BG87: 3.1788931 | BJ87: P(T<=t) one-tail | BK87: 0.24008881 | BQ87: Variance | BR87: 284.72222 | BS87: 295.56667 | BT87: 276.93684 | BY87: HR Q3 | BZ87: 5 | CA87: 737 | CB87: 147.4 | CC87: 281.8
BJ88: t Critical one-tail | BK88: 1.7458837 | BY88: Sales Q1 | BZ88: 5 | CA88: 800 | CB88: 160 | CC88: 250
BJ89: P(T<=t) two-tail | BK89: 0.48017762 | BQ89: Total | BY89: Sales Q2 | BZ89: 5 | CA89: 825 | CB89: 165 | CC89: 250
BJ90: t Critical two-tail | BK90: 2.1199053 | BQ90: Count | BR90: 10 | BS90: 10 | BY90: Sales Q3 | BZ90: 5 | CA90: 810 | CB90: 162 | CC90: 250
BF91: z-Test: Two Sample for Means | BQ91: Sum | BR91: 1575 | BS91: 1547
BM92: correlation | BQ92: Average | BR92: 157.5 | BS92: 154.7
BG93: 120 | BH93: 130 | BN93: Column 1 | BO93: Column 2 | BQ93: Variance | BR93: 284.72222 | BS93: 295.56667 | BY93: ANOVA
BF94: Mean | BG94: 155.55556 | BH94: 160.55556 | BM94: Column 1 | BN94: 1 | BY94: Source of Variation | BZ94: SS | CA94: df | CB94: MS | CC94: F | CD94: P-value | CE94: F crit
BF95: Known Variance | BG95: 317.77778 | BH95: 284.72222 | BM95: Column 2 | BN95: 0.99460008 | BO95: 1 | BY95: Rows | BZ95: 5121.44 | CA95: 4 | CB95: 1280.36 | CC95: 3556.5556 | CD95: 2.2811109e-23 | CE95: 3.0069173
BF96: Observations | BG96: 9 | BH96: 9 | BQ96: ANOVA | BY96: Columns | BZ96: 1195.44 | CA96: 4 | CB96: 298.86 | CC96: 830.16667 | CD96: 2.5052132e-18 | CE96: 3.0069173
AY97: covariance | BF97: Hypothesized Mean Difference | BG97: 5.5 | BQ97: Source of Variation | BR97: SS | BS97: df | BT97: MS | BU97: F | BV97: P-value | BW97: F crit | BY97: Error | BZ97: 5.76 | CA97: 16 | CB97: 0.36
AZ98: 28000 | BA98: 70 | BF98: z | BG98: -1.2833113 | BQ98: Sample | BR98: 0 | BS98: 0 | BT98: 65535 | BU98: 65535 | BV98: #NUM! | BW98: #NUM!
AY99: 28000 | AZ99: =VARP(telecom_churn!$BL$64:$BL$72) -> 24.122449 | BF99: P(Z<=z) one-tail | BG99: 0.099691513 | BM99: covariance | BQ99: Columns | BR99: 39.2 | BS99: 1 | BT99: 39.2 | BU99: 0.13510512 | BV99: 0.7174828 | BW99: 4.4138734 | BY99: Total | BZ99: 6322.64 | CA99: 24
AY100: 70 | AZ100: 29444.444 | BA100: =VARP(telecom_churn!$BM$64:$BM$72) -> 181.63265 | BF100: z Critical one-tail | BG100: 1.6448536 | BN100: 28000 | BO100: 70 | BQ100: Interaction | BR100: 0 | BS100: 0 | BT100: 65535 | BU100: 65535 | BV100: #NUM! | BW100: #NUM!
...

Sheet Sheet3
A1: DATE | B1: V.TYPE | C1: V.NO | D1: STATE | E1: COURSES | F1: QUANTITY
A2: 46174 | B2: SALES | C2: LMP/35 | D2: AP | E2: PYTHON | F2: 35
B3: MPL
B4: 517326
A5: 46175 | B5: SALES | C5: LMP/36 | D5: TG | E5: PYTHON | F5: 89
B6: MPL
B7: 517326
A8: 46176 | B8: SALES | C8: LMP/37 | D8: MH | E8: PYTHON | F8: 76
B9: MPL
B10: 517326
A11: 46177 | B11: SALES | C11: LMP/38 | D11: AP | E11: PYTHON | F11: 56
A12: 46178 | B12: SALES | C12: LMP/39 | D12: AP | E12: DA | F12: 79
A13: 46179 | B13: SALES | C13: LMP/40 | D13: AP | E13: DA | F13: 60
A14: 46180 | B14: SALES | C14: LMP/41 | D14: AP | E14: DA | F14: 79
A15: 46181 | B15: SALES | C15: LMP/42 | D15: TS | E15: DA | F15: 69
A16: 46182 | B16: SALES | C16: LMP/43 | D16: TS | E16: JAVA | F16: 68
A17: 46183 | B17: SALES | C17: LMP/44 | D17: MH | E17: JAVA | F17: 90
A18: 46184 | B18: SALES | C18: LMP/45 | D18: MH | E18: JAVA | F18: 78

Sheet Sheet1
AL3: Emp ID | AM3: Name | AN3: Gender | AO3: Age | AP3: City | AQ3: Department | AR3: Role | AS3: Salary | AT3: Experience (Years) | AU3: Performance | AV3: Joining Year
AL4: E001 | AM4: Rahul | AN4: Male | AO4: 24 | AP4: Hyderabad | AQ4: IT | AR4: Developer | AS4: 45000 | AT4: 2 | AU4: Good | AV4: 2023
AL5: E002 | AM5: Priya | AN5: Female | AO5: 28 | AP5: Chennai | AQ5: HR | AR5: Recruiter | AS5: 52000 | AT5: 5 | AU5: Excellent | AV5: 2020
AL6: E003 | AM6: Arjun | AN6: Male | AO6: 31 | AP6: Bangalore | AQ6: Finance | AR6: Analyst | AS6: 60000 | AT6: 7 | AU6: Good | AV6: 2018
AL7: E004 | AM7: Sneha | AN7: Female | AO7: 26 | AP7: Mumbai | AQ7: IT | AR7: Tester | AS7: 48000 | AT7: 3 | AU7: Average | AV7: 2022
AL8: E005 | AM8: Kiran | AN8: Male | AO8: 35 | AP8: Pune | AQ8: Sales | AR8: Manager | AS8: 75000 | AT8: 10 | AU8: Excellent | AV8: 2015
AL9: E006 | AM9: Divya | AN9: Female | AO9: 29 | AP9: Hyderabad | AQ9: Marketing | AR9: Executive | AS9: 55000 | AT9: 6 | AU9: Good | AV9: 2019
AL10: E007 | AM10: Sai | AN10: Male | AO10: 23 | AP10: Chennai | AQ10: IT | AR10: Developer | AS10: 42000 | AT10: 1 | AU10: Average | AV10: 2024
AL11: E008 | AM11: Anjali | AN11: Female | AO11: 32 | AP11: Bangalore | AQ11: Finance | AR11: Manager | AS11: 78000 | AT11: 9 | AU11: Excellent | AV11: 2016
AL12: E009 | AM12: Vikas | AN12: Male | AO12: 27 | AP12: Mumbai | AQ12: HR | AR12: Executive | AS12: 50000 | AT12: 4 | AU12: Good | AV12: 2021
AL13: E010 | AM13: Kavya | AN13: Female | AO13: 30 | AP13: Pune | AQ13: Sales | AR13: Executive | AS13: 58000 | AT13: 7 | AU13: Good | AV13: 2018
AL14: E011 | AM14: Rohit | AN14: Male | AO14: 25 | AP14: Hyderabad | AQ14: IT | AR14: Tester | AS14: 46000 | AT14: 2 | AU14: Average | AV14: 2023
AL15: E012 | AM15: Meena | AN15: Female | AO15: 34 | AP15: Chennai | AQ15: Marketing | AR15: Manager | AS15: 72000 | AT15: 11 | AU15: Excellent | AV15: 2014
... AL23: E020 | AM23: Nisha | AN23: Female | AO23: 28 | AP23: Pune | AQ23: Finance | AR23: Analyst | AS23: 62000 | AT23: 6 | AU23: Excellent | AV23: 2019
AS25: =SUM(AS4:AS23) -> 1145000
AL27: Row Labels | AM27: Sum of Salary
AL28: Analyst | AM28: 187000 | AP28: Row Labels | AQ28: Sum of Experience (Years)
AL29: Developer | AM29: 185000 | AP29: Finance | AQ29: 30
AL30: Executive | AM30: 278000 | AP30: HR | AQ30: 11
AL31: Manager | AM31: 305000 | AP31: IT | AQ31: 15
AL32: Recruiter | AM32: 96000 | AP32: Marketing | AQ32: 24
AL33: Tester | AM33: 94000 | AP33: Sales | AQ33: 34
AL34: Grand Total | AM34: 1145000 | AP34: Grand Total | AQ34: 114
X48: Count of Emp ID | Y48: Column Labels
X49: Row Labels | Y49: Female | Z49: Male | AA49: Grand Total
X50: Finance | Y50: 2 | Z50: 2 | AA50: 4
X51: HR | Y51: 2 | Z51: 1 | AA51: 3
X52: IT | Y52: 2 | Z52: 4 | AA52: 6
X53: Marketing | Y53: 3 | AA53: 3 | AE53: Row Labels | AF53: Sum of Experience (Years)
X54: Sales | Y54: 1 | Z54: 3 | AA54: 4 | AE54: Average | AF54: 11
X55: Grand Total | Y55: 10 | Z55: 10 | AA55: 20 | AE55: Excellent | AF55: 61
AE56: Good | AF56: 42
AE57: Grand Total | AF57: 114

Sheet Sheet2
